Ensembl_Gene_ID,Mouse_Symbol,Entrez_ID,UniProt_ID,MGI_ID,Description
ENSMUSG00000000049,Apoh,11818,Q01339,,apolipoprotein H
ENSMUSG00000000127,Fer,14158,P70451,,FER tyrosine kinase
ENSMUSG00000000276,Dgke,56077,Q9R1C6,,"diacylglycerol kinase, epsilon"
ENSMUSG00000000308,Ckmt1,12716,P30275,,"creatine kinase, mitochondrial 1, ubiquitous"
ENSMUSG00000000409,Lck,16818,P06240,,lymphocyte protein tyrosine kinase
ENSMUSG00000000411,Tssk3,58864,Q9D2E1,,testis-specific serine kinase 3
ENSMUSG00000000441,Raf1,110157,Q99N57,,v-raf-leukemia viral oncogene 1
ENSMUSG00000000530,Acvrl1,11482,Q61288,,"activin A receptor, type II-like 1"
ENSMUSG00000000532,Acvr1b,11479,Q61271,,"activin A receptor, type 1B"
ENSMUSG00000000628,Hk2,15277,O08528,,hexokinase 2
ENSMUSG00000000982,Ccl3,20302,P10855,,C-C motif chemokine ligand 3
ENSMUSG00000001034,Mapk7,23939,Q9WVS8,,mitogen-activated protein kinase 7
ENSMUSG00000001036,Epn2,13855,Q8CHU3,,epsin 2
ENSMUSG00000001127,Araf,11836,P04627,,"Araf proto-oncogene, serine/threonine kinase"
ENSMUSG00000001248,Gramd1a,52857,Q8VEF1,,GRAM domain containing 1A
ENSMUSG00000001270,Ckb,12709,Q04447,,"creatine kinase, brain"
ENSMUSG00000001583,Tnk1,83813,Q99ML2,,"tyrosine kinase, non-receptor, 1"
ENSMUSG00000001630,Stk38l,232533,Q7TSE6,,serine/threonine kinase 38 like
ENSMUSG00000001729,Akt1,11651,P31750,,thymoma viral proto-oncogene 1
ENSMUSG00000001755,Coasy,71743,Q9DBL7,,Coenzyme A synthase
ENSMUSG00000001999,Blvra,109778,Q9CY64,,biliverdin reductase A
ENSMUSG00000002007,Srpk3,56504,Q9Z0G2,,serine/arginine-rich protein specific kinase 3
ENSMUSG00000002012,Pnck,93843,Q9QYK9,,pregnancy upregulated non-ubiquitously expressed CaM kinase
ENSMUSG00000002058,Unc119,22248,Q9Z2R6,,unc-119 lipid binding chaperone
ENSMUSG00000002068,Ccne1,12447,Q61457,,cyclin E1
ENSMUSG00000002205,Vrk3,101568,Q8K3G5,,vaccinia related kinase 3
ENSMUSG00000002250,Ppard,19015,P35396,,peroxisome proliferator activator receptor delta
ENSMUSG00000002250,Ppard,69050,P35396,,peroxisome proliferator activator receptor delta
ENSMUSG00000002297,Dbf4,27214,Q9QZ41,,DBF4 zinc finger
ENSMUSG00000002365,Snx9,66616,Q91VH2,,sorting nexin 9
ENSMUSG00000002409,Dyrk1b,13549,Q9Z188,,dual-specificity tyrosine phosphorylation regulated kinase 1b
ENSMUSG00000002413,Braf,109880,P28028,,Braf transforming gene
ENSMUSG00000002550,Uck1,22245,,,uridine-cytidine kinase 1
ENSMUSG00000002602,Axl,26362,Q00993,,AXL receptor tyrosine kinase
ENSMUSG00000002625,Akap8l,54194,,,A kinase anchor protein 8-like
ENSMUSG00000002688,Prkd1,18760,Q62101,,protein kinase D1
ENSMUSG00000002733,Plekha3,83435,Q9ERS4,,"pleckstrin homology domain-containing, family A (phosphoinositide binding specific) member 3"
ENSMUSG00000002748,Baz1b,22385,Q9Z277,,"bromodomain adjacent to zinc finger domain, 1B"
ENSMUSG00000002808,Epdr1,105298,Q99M71,,ependymin related 1
ENSMUSG00000002944,Cd36,12491,Q08857,,CD36 molecule
ENSMUSG00000002948,Map2k7,26400,Q8CE90,,mitogen-activated protein kinase kinase 7
ENSMUSG00000002957,Ap2a2,11772,P17427,,"adaptor-related protein complex 2, alpha 2 subunit"
ENSMUSG00000002963,Pnkp,59047,,,polynucleotide kinase 3'- phosphatase
ENSMUSG00000002985,Apoe,11816,P08226,,apolipoprotein E
ENSMUSG00000002992,Apoc2,11813,Q05020,,apolipoprotein C2
ENSMUSG00000003068,Stk11,20869,Q9WTK7,,serine/threonine kinase 11
ENSMUSG00000003119,Cdk12,69131,Q14AX6,,cyclin dependent kinase 12
ENSMUSG00000003200,Sh3gl1,20405,Q62419,,SH3-domain GRB2-like 1
ENSMUSG00000003228,Grk5,14773,Q8VEB1,,G protein-coupled receptor kinase 5
ENSMUSG00000003269,Cyth2,19158,,,cytohesin 2
ENSMUSG00000003283,Hck,15162,P08103,,hemopoietic cell kinase
ENSMUSG00000003345,Csnk1g2,103236,Q8BVP5,,"casein kinase 1, gamma 2"
ENSMUSG00000003534,Ddr1,12305,Q03146,,"discoidin domain receptor family, member 1"
ENSMUSG00000003585,Sec14l2,67815,Q99J08,,SEC14-like lipid binding 2
ENSMUSG00000003644,Rps6ka1,20111,P18653,,ribosomal protein S6 kinase polypeptide 1
ENSMUSG00000003721,Insig2,72999,Q91WG1,,insulin induced gene 2
ENSMUSG00000003752,Itpkc,233011,Q7TS72,,"inositol 1,4,5-trisphosphate 3-kinase C"
ENSMUSG00000003762,Coq8b,76889,,,coenzyme Q8B
ENSMUSG00000003810,Mast2,17776,,,microtubule associated serine/threonine kinase 2
ENSMUSG00000003873,Bax,12028,Q07813,,BCL2-associated X protein
ENSMUSG00000003948,Mmd,67468,Q9CQY7,,monocyte to macrophage differentiation-associated
ENSMUSG00000004054,Map3k11,26403,Q80XI6,,mitogen-activated protein kinase kinase kinase 11
ENSMUSG00000004056,Akt2,11652,Q60823,,thymoma viral proto-oncogene 2
ENSMUSG00000004085,Map3k20,65964,Q9ESL4,,mitogen-activated protein kinase kinase kinase 20
ENSMUSG00000004207,Psap,19156,Q61207,,prosaposin
ENSMUSG00000004221,Ikbkg,16151,O88522,,inhibitor of kappaB kinase gamma
ENSMUSG00000004567,Mcoln1,94178,Q99J21,,mucolipin 1
ENSMUSG00000004591,Pkn2,109333,Q8BWW9,,protein kinase N2
ENSMUSG00000004798,Ulk2,29869,Q9QY01,,unc-51 like kinase 2
ENSMUSG00000004815,Dgkq,110524,Q6P5E8,,"diacylglycerol kinase, theta"
ENSMUSG00000004864,Mapk13,26415,Q9Z1B7,,mitogen-activated protein kinase 13
ENSMUSG00000004865,Srpk1,20815,O70551,,serine/arginine-rich protein specific kinase 1
ENSMUSG00000004885,Crabp2,12904,P22935,,cellular retinoic acid binding protein II
ENSMUSG00000004933,Matk,17179,,,megakaryocyte-associated tyrosine kinase
ENSMUSG00000004936,Map2k1,26395,P31938,,mitogen-activated protein kinase kinase 1
ENSMUSG00000004939,Nmrk2,69564,Q9D7C9,,nicotinamide riboside kinase 2
ENSMUSG00000005034,Prkacb,18749,P68181,,"protein kinase, cAMP dependent, catalytic, beta"
ENSMUSG00000005102,Eif2ak4,27103,Q9QZ05,,eukaryotic translation initiation factor 2 alpha kinase 4
ENSMUSG00000005202,Shbg,20415,P97497,,sex hormone binding globulin
ENSMUSG00000005225,Plekha8,231999,Q80W71,,"pleckstrin homology domain containing, family A (phosphoinositide binding specific) member 8"
ENSMUSG00000005251,Ripk4,72388,Q9ERK0,,receptor-interacting serine-threonine kinase 4
ENSMUSG00000005268,Prlr,19116,Q08501,,prolactin receptor
ENSMUSG00000005320,Fgfr4,14186,,,fibroblast growth factor receptor 4
ENSMUSG00000005469,Prkaca,18747,P05132,,"protein kinase, cAMP dependent, catalytic, alpha"
ENSMUSG00000005533,Igf1r,16001,,,insulin-like growth factor I receptor
ENSMUSG00000005534,Insr,16337,P15208,,insulin receptor
ENSMUSG00000005566,Trim28,21849,Q62318,,tripartite motif-containing 28
ENSMUSG00000005615,Pcyt1a,13026,P49586,,"phosphate cytidylyltransferase 1, choline, alpha isoform"
ENSMUSG00000005640,Insrr,23920,Q9WTL4,,insulin receptor-related receptor
ENSMUSG00000005656,Snx6,72183,Q6P8X1,,sorting nexin 6
ENSMUSG00000005672,Kit,16590,P05532,,KIT proto-oncogene receptor tyrosine kinase
ENSMUSG00000005681,Apoa2,11807,P09813,,apolipoprotein A-II
ENSMUSG00000005907,Pex1,71382,Q5BL07,,peroxisomal biogenesis factor 1
ENSMUSG00000005951,Shpk,74637,Q9D5J6,,sedoheptulokinase
ENSMUSG00000005958,Ephb3,13845,P54754,,Eph receptor B3
ENSMUSG00000006057,Atp5mc1,11951,Q9CR84,,ATP synthase membrane subunit c locus 1
ENSMUSG00000006058,Snf8,27681,Q9CZ28,,"SNF8, ESCRT-II complex subunit, homolog (S. cerevisiae)"
ENSMUSG00000006169,Clint1,216705,,,clathrin interactor 1
ENSMUSG00000006262,Mob1b,68473,Q8BPB0,,MOB kinase activator 1B
ENSMUSG00000006373,Pgrmc1,53328,O55022,,progesterone receptor membrane component 1
ENSMUSG00000006386,Tek,21687,Q02858,,TEK receptor tyrosine kinase
ENSMUSG00000006445,Epha2,13836,Q03145,,Eph receptor A2
ENSMUSG00000006494,Pdk1,228026,Q8BFP9,,"pyruvate dehydrogenase kinase, isoenzyme 1"
ENSMUSG00000006542,Prkag3,241113,Q8BGM7,,"protein kinase, AMP-activated, gamma 3 non-catalytic subunit"
ENSMUSG00000006728,Cdk4,12567,P30285,,cyclin dependent kinase 4
ENSMUSG00000007279,Scube2,56788,Q9JJS0,,"signal peptide, CUB domain, EGF-like 2"
ENSMUSG00000007411,Mark3,17169,Q03141,,MAP/microtubule affinity regulating kinase 3
ENSMUSG00000007591,Tssk4,71099,Q9D411,,testis-specific serine kinase 4
ENSMUSG00000007613,Tgfbr1,21812,Q64729,,"transforming growth factor, beta receptor I"
ENSMUSG00000008730,Hipk1,15257,O88904,,homeodomain interacting protein kinase 1
ENSMUSG00000009185,Ccl8,20307,Q9Z121,,C-C motif chemokine ligand 8
ENSMUSG00000009376,Met,17295,,,met proto-oncogene
ENSMUSG00000009555,Cdk9,107951,Q99J95,,cyclin dependent kinase 9
ENSMUSG00000009681,Bcr,110279,Q6PAJ1,,BCR activator of RhoGEF and GTPase
ENSMUSG00000009772,Nuak2,74137,Q8BZN4,,"NUAK family, SNF1-like kinase, 2"
ENSMUSG00000009828,Cilk1,56542,Q9JKV2,,ciliogenesis associated kinase 1
ENSMUSG00000010080,Epn3,71889,Q91W69,,epsin 3
ENSMUSG00000010342,Tex14,83560,Q7M6U3,,testis expressed gene 14 intercellular bridge forming factor
ENSMUSG00000010601,Apol7a,75761,,,apolipoprotein L 7a
ENSMUSG00000011884,Gltp,56356,Q9JL62,,glycolipid transfer protein
ENSMUSG00000012519,Mlkl,74568,Q9D2Y4,,mixed lineage kinase domain-like
ENSMUSG00000013629,Cad,69719,B2RQC6,,"carbamoyl-phosphate synthetase 2, aspartate transcarbamylase, and dihydroorotase"
ENSMUSG00000014158,Trpv4,63873,Q9EPK8,,"transient receptor potential cation channel, subfamily V, member 4"
ENSMUSG00000014361,Mertk,17289,Q60805,,MER proto-oncogene tyrosine kinase
ENSMUSG00000014426,Map3k4,26407,O08648,,mitogen-activated protein kinase kinase kinase 4
ENSMUSG00000014453,Blk,12143,P16277,,B lymphoid kinase
ENSMUSG00000014554,Dguok,27369,Q9QX60,,deoxyguanosine kinase
ENSMUSG00000014932,Yes1,22612,Q04736,,"YES proto-oncogene 1, Src family tyrosine kinase"
ENSMUSG00000015133,Lrrk1,233328,Q3UHC2,,leucine-rich repeat kinase 1
ENSMUSG00000015599,Ttbk1,106763,Q6PCN3,,tau tubulin kinase 1
ENSMUSG00000015656,Hspa8,15481,P63017,,heat shock protein 8
ENSMUSG00000015950,Ncf1,17969,Q09014,,neutrophil cytosolic factor 1
ENSMUSG00000015981,Stk32c,57740,Q8QZV4,,serine/threonine kinase 32C
ENSMUSG00000016024,Lbp,16803,Q61805,,lipopolysaccharide binding protein
ENSMUSG00000016128,Stard13,243362,Q923Q2,,StAR related lipid transfer domain containing 13
ENSMUSG00000016179,Camk1g,215303,Q91VB2,,calcium/calmodulin-dependent protein kinase I gamma
ENSMUSG00000016526,Dyrk3,226419,Q922Y0,,dual-specificity tyrosine phosphorylation regulated kinase 3
ENSMUSG00000016528,Mapkapk2,17164,P49138,,MAP kinase-activated protein kinase 2
ENSMUSG00000016664,Pacsin2,23970,Q9WVE8,,protein kinase C and casein kinase substrate in neurons 2
ENSMUSG00000017132,Cyth1,19157,Q9QX11,,cytohesin 1
ENSMUSG00000017291,Taok1,216965,Q5F2E8,,TAO kinase 1
ENSMUSG00000017376,Nlk,18099,O54949,,nemo like kinase
ENSMUSG00000017405,Nek8,140859,Q91ZR4,,NIMA (never in mitosis gene a)-related expressed kinase 8
ENSMUSG00000017631,Abr,109934,Q5SSL4,,active BCR-related gene
ENSMUSG00000017754,Pltp,18830,P55065,,phospholipid transfer protein
ENSMUSG00000017781,Pitpna,18738,P53810,,"phosphatidylinositol transfer protein, alpha"
ENSMUSG00000017868,Sgk2,27219,Q9QZS5,,serum/glucocorticoid regulated kinase 2
ENSMUSG00000017978,Cadps2,320405,Q8BYR5,,Ca2+-dependent activator protein for secretion 2
ENSMUSG00000018001,Cyth3,19159,O08967,,cytohesin 3
ENSMUSG00000018008,Cyth4,72318,Q80YW0,,cytohesin 4
ENSMUSG00000018126,Baiap2l2,207495,Q80Y61,,BAI1-associated protein 2-like 2
ENSMUSG00000018166,Erbb3,13867,Q61526,,erb-b2 receptor tyrosine kinase 3
ENSMUSG00000018167,Stard3,59045,Q61542,,StAR related lipid transfer domain containing 3
ENSMUSG00000018209,Stk4,58231,Q9JI11,,serine/threonine kinase 4
ENSMUSG00000018334,Ksr1,16706,Q61097,,kinase suppressor of ras 1
ENSMUSG00000018340,Anxa6,11749,P14824,,annexin A6
ENSMUSG00000018547,Pip4k2b,108083,Q80XI4,,"phosphatidylinositol-5-phosphate 4-kinase, type II, beta"
ENSMUSG00000018770,Atp5mc3,228033,P56384,,ATP synthase membrane subunit c locus 3
ENSMUSG00000018846,Pank3,211347,Q8R2W9,,pantothenate kinase 3
ENSMUSG00000018924,Alox15,11687,P39654,,arachidonate 15-lipoxygenase
ENSMUSG00000018932,Map2k3,26397,O09110,,mitogen-activated protein kinase kinase 3
ENSMUSG00000019054,Fis1,66437,Q9CQ92,,"fission, mitochondrial 1"
ENSMUSG00000019235,Rps6kl1,238323,Q8R2S1,,ribosomal protein S6 kinase-like 1
ENSMUSG00000019312,Grb7,14786,Q03160,,growth factor receptor bound protein 7
ENSMUSG00000019320,Noxo1,71893,Q8VCM2,,NADPH oxidase organizer 1
ENSMUSG00000019368,Sec14l4,103655,Q8R0F9,,SEC14-like lipid binding 4
ENSMUSG00000019429,Ffar3,233080,Q3UFD7,,free fatty acid receptor 3
ENSMUSG00000019487,Trip10,106628,Q8CJ53,,thyroid hormone receptor interactor 10
ENSMUSG00000019577,Pdk4,27273,O70571,,"pyruvate dehydrogenase kinase, isoenzyme 4"
ENSMUSG00000019699,Akt3,23797,Q9WUA6,,thymoma viral proto-oncogene 3
ENSMUSG00000019768,Esr1,13982,P19785,,estrogen receptor 1 (alpha)
ENSMUSG00000019779,Frk,14302,Q922K9,,fyn-related kinase
ENSMUSG00000019785,Clvs2,215890,Q8BG92,,clavesin 2
ENSMUSG00000019804,Snx3,54198,,,sorting nexin 3
ENSMUSG00000019809,Pex3,56535,Q9QXY9,,peroxisomal biogenesis factor 3
ENSMUSG00000019843,Fyn,14360,P39688,,Fyn proto-oncogene
ENSMUSG00000019874,Fabp7,12140,P51880,,"fatty acid binding protein 7, brain"
ENSMUSG00000019893,Ros1,19886,Q78DX7,,Ros1 proto-oncogene
ENSMUSG00000019942,Cdk1,12534,P11440,,cyclin dependent kinase 1
ENSMUSG00000019970,Sgk1,20393,Q9WVC6,,serum/glucocorticoid regulated kinase 1
ENSMUSG00000020015,Cdk17,237459,Q8K0D0,,cyclin dependent kinase 17
ENSMUSG00000020032,Nuak1,77976,Q641K5,,"NUAK family, SNF1-like kinase, 1"
ENSMUSG00000020080,Hkdc1,216019,Q91W97,,hexokinase domain containing 1
ENSMUSG00000020115,Tbk1,56480,Q9WUN2,,TANK-binding kinase 1
ENSMUSG00000020122,Egfr,13649,Q01279,,epidermal growth factor receptor
ENSMUSG00000020178,Adora2a,11540,Q60613,,adenosine A2a receptor
ENSMUSG00000020189,Osbpl8,237542,B9EJ86,,oxysterol binding protein-like 8
ENSMUSG00000020190,Mknk2,17347,Q8CDB0,,MAP kinase-interacting serine/threonine kinase 2
ENSMUSG00000020227,Irak3,73914,Q8K4B2,,interleukin-1 receptor-associated kinase 3
ENSMUSG00000020258,Glyctk,235582,,,glycerate kinase
ENSMUSG00000020272,Stk10,20868,O55098,,serine/threonine kinase 10
ENSMUSG00000020277,Pfkl,18641,P12382,,"phosphofructokinase, liver, B-type"
ENSMUSG00000020357,Flt4,14257,P35917,,FMS-like tyrosine kinase 4
ENSMUSG00000020366,Mapk9,26420,Q9WTU6,,mitogen-activated protein kinase 9
ENSMUSG00000020375,Rufy1,216724,Q8BIJ7,,RUN and FYVE domain containing 1
ENSMUSG00000020377,Ltc4s,17001,Q60860,,leukotriene C4 synthase
ENSMUSG00000020385,Clk4,12750,O35493,,CDC like kinase 4
ENSMUSG00000020389,Cdkl3,213084,Q8BLF2,,cyclin dependent kinase like 3
ENSMUSG00000020395,Itk,16428,Q03526,,IL2 inducible T cell kinase
ENSMUSG00000020402,Vdac1,22333,Q60932,,voltage-dependent anion channel 1
ENSMUSG00000020405,Fabp6,16204,P51162,,fatty acid binding protein 6
ENSMUSG00000020435,Osbp2,74309,Q5QNQ6,,oxysterol binding protein 2
ENSMUSG00000020437,Myo1g,246177,Q5SUA5,,myosin IG
ENSMUSG00000020444,Guk1,14923,Q64520,,guanylate kinase 1
ENSMUSG00000020451,Limk2,16886,O54785,,LIM domain kinase 2
ENSMUSG00000020458,Rtn4,68585,Q99P72,,reticulon 4
ENSMUSG00000020516,Rps6kb1,72508,Q8BSK8,,"ribosomal protein S6 kinase, polypeptide 1"
ENSMUSG00000020519,Sap30l,50724,Q5SQF8,,SAP30-like
ENSMUSG00000020553,Pctp,18559,,,phosphatidylcholine transfer protein
ENSMUSG00000020573,Pik3cg,30955,Q9JHG7,,"phosphatidylinositol-4,5-bisphosphate 3-kinase catalytic subunit gamma"
ENSMUSG00000020580,Rock2,19878,,,Rho-associated coiled-coil containing protein kinase 2
ENSMUSG00000020590,Snx13,217463,Q6PHS6,,sorting nexin 13
ENSMUSG00000020601,Trib2,217410,Q8K4K3,,tribbles pseudokinase 2
ENSMUSG00000020623,Map2k6,26399,P70236,,mitogen-activated protein kinase kinase 6
ENSMUSG00000020638,Cmpk2,22169,Q3U5Q7,,cytidine/uridine monophosphate kinase 2
ENSMUSG00000020639,Pfn4,382562,Q9D6I3,,"profilin family, member 4"
ENSMUSG00000020694,Tlk2,24086,O55047,,tousled-like kinase 2 (Arabidopsis)
ENSMUSG00000020700,Map3k3,26406,Q61084,,mitogen-activated protein kinase kinase kinase 3
ENSMUSG00000020715,Ern1,78943,Q9EQY0,,endoplasmic reticulum to nucleus signalling 1
ENSMUSG00000020716,Nf1,18015,Q04690,,neurofibromin 1
ENSMUSG00000020766,Galk1,14635,Q9R0N0,,galactokinase 1
ENSMUSG00000020785,Camkk1,55984,Q8VBY2,,"calcium/calmodulin-dependent protein kinase kinase 1, alpha"
ENSMUSG00000020827,Mink1,50932,Q9JM52,,misshapen-like kinase 1 (zebrafish)
ENSMUSG00000020857,Nme2,18103,Q01768,,NME/NM23 nucleoside diphosphate kinase 2
ENSMUSG00000020876,Snx11,74479,Q91WL6,,sorting nexin 11
ENSMUSG00000020890,Gucy2e,14919,P52785,,guanylate cyclase 2e
ENSMUSG00000020891,Alox8,11688,O35936,,arachidonate 8-lipoxygenase
ENSMUSG00000020897,Aurkb,20877,O70126,,aurora kinase B
ENSMUSG00000020901,Pik3r5,320207,Q5SW28,,phosphoinositide-3-kinase regulatory subunit 5
ENSMUSG00000020941,Map3k14,53859,Q9WUL6,,mitogen-activated protein kinase kinase kinase 14
ENSMUSG00000020990,Cdkl1,71091,Q8CEQ0,,cyclin dependent kinase like 1
ENSMUSG00000021044,Adck1,72113,Q9D0L4,,aarF domain containing kinase 1
ENSMUSG00000021055,Esr2,13983,O08537,,estrogen receptor 2 (beta)
ENSMUSG00000021108,Prkch,18755,P23298,,"protein kinase C, eta"
ENSMUSG00000021115,Vrk1,22367,Q80X41,,vaccinia related kinase 1
ENSMUSG00000021171,Esyt2,52635,Q3TZZ7,,extended synaptotagmin-like protein 2
ENSMUSG00000021180,Rps6ka5,73086,Q8C050,,"ribosomal protein S6 kinase, polypeptide 5"
ENSMUSG00000021196,Pfkp,56421,Q9WUA3,,"phosphofructokinase, platelet"
ENSMUSG00000021279,Cdc42bpb,217866,Q7TT50,,CDC42 binding protein kinase beta
ENSMUSG00000021363,Mak,17152,Q04859,,male germ cell-associated kinase
ENSMUSG00000021385,Ippk,75678,Q6P1C1,,"inositol 1,3,4,5,6-pentakisphosphate 2-kinase"
ENSMUSG00000021408,Ripk1,19766,Q60855,,receptor (TNFRSF)-interacting serine-threonine kinase 1
ENSMUSG00000021413,Prpf4b,19134,Q61136,,pre-mRNA processing factor 4B
ENSMUSG00000021417,Eci2,23986,Q9WUR2,,enoyl-Coenzyme A delta isomerase 2
ENSMUSG00000021428,Riok1,71340,Q922Q2,,RIO kinase 1
ENSMUSG00000021457,Syk,20963,P48025,,spleen tyrosine kinase
ENSMUSG00000021464,Ror2,26564,,,receptor tyrosine kinase-like orphan receptor 2
ENSMUSG00000021483,Cdk20,105278,Q9JHU3,,cyclin dependent kinase 20
ENSMUSG00000021548,Ccnh,66671,Q61458,,cyclin H
ENSMUSG00000021559,Dapk1,69635,Q80YE7,,death associated protein kinase 1
ENSMUSG00000021620,Acot12,74156,Q9DBK0,,acyl-CoA thioesterase 12
ENSMUSG00000021622,Ckmt2,76722,Q6P8J7,,"creatine kinase, mitochondrial 2"
ENSMUSG00000021669,Cert1,68018,Q9EQG9,,ceramide transporter 1
ENSMUSG00000021701,Plk2,20620,P53351,,polo like kinase 2
ENSMUSG00000021754,Map3k1,26401,,,mitogen-activated protein kinase kinase kinase 1
ENSMUSG00000021771,Vdac2,22334,Q60930,,voltage-dependent anion channel 2
ENSMUSG00000021796,Bmpr1a,12166,P36895,,"bone morphogenetic protein receptor, type 1A"
ENSMUSG00000021820,Camk2g,12325,Q923T9,,calcium/calmodulin-dependent protein kinase II gamma
ENSMUSG00000021822,Plau,18792,P06869,,"plasminogen activator, urokinase"
ENSMUSG00000021918,Nek4,23955,Q9Z1J2,,NIMA (never in mitosis gene a)-related expressed kinase 4
ENSMUSG00000021936,Mapk8,26419,Q91Y86,,mitogen-activated protein kinase 8
ENSMUSG00000021948,Prkcd,18753,P28867,,"protein kinase C, delta"
ENSMUSG00000021959,Lats2,50523,Q7TSJ6,,large tumor suppressor 2
ENSMUSG00000021986,Amer2,72125,Q8CCJ4,,APC membrane recruitment 2
ENSMUSG00000022033,Pbk,52033,Q9JJ78,,PDZ binding kinase
ENSMUSG00000022089,Bin3,57784,Q9JI08,,bridging integrator 3
ENSMUSG00000022148,Fyb1,23880,O35601,,FYN binding protein 1
ENSMUSG00000022200,Golph3,66629,Q9CRA5,,golgi phosphoprotein 3
ENSMUSG00000022221,Ripk3,56532,Q9QZL0,,receptor-interacting serine-threonine kinase 3
ENSMUSG00000022253,Nadk2,68646,Q8C5H8,,"NAD kinase 2, mitochondrial"
ENSMUSG00000022263,Trio,223435,Q0KL02,,triple functional domain (PTPRF interacting)
ENSMUSG00000022329,Stk3,56274,Q9JI10,,serine/threonine kinase 3
ENSMUSG00000022383,Ppara,19013,P23204,,peroxisome proliferator activated receptor alpha
ENSMUSG00000022419,Deptor,97998,Q570Y9,,DEP domain containing MTOR-interacting protein
ENSMUSG00000022433,Csnk1e,27373,Q9JMK2,,"casein kinase 1, epsilon"
ENSMUSG00000022451,Twf1,19230,Q91YR1,,twinfilin actin binding protein 1
ENSMUSG00000022504,Ciita,12265,P79621,,class II transactivator
ENSMUSG00000022548,Apod,11815,P51910,,apolipoprotein D
ENSMUSG00000022575,Gsdmd,69146,Q9D8T2,,gasdermin D
ENSMUSG00000022579,Gpihbp1,68453,Q9D1N2,,GPI-anchored HDL-binding protein 1
ENSMUSG00000022607,Ptk2,14083,P34152,,PTK2 protein tyrosine kinase 2
ENSMUSG00000022610,Mapk12,29857,O08911,,mitogen-activated protein kinase 12
ENSMUSG00000022617,Chkb,12651,O55229,,choline kinase beta
ENSMUSG00000022672,Prkdc,19090,P97313,,"protein kinase, DNA activated, catalytic polypeptide"
ENSMUSG00000022781,Pak2,224105,Q8CIN4,,p21 (RAC1) activated kinase 2
ENSMUSG00000022789,Dnm1l,74006,Q8K1M6,,dynamin 1-like
ENSMUSG00000022791,Tnk2,51789,,,"tyrosine kinase, non-receptor, 2"
ENSMUSG00000022807,Osbpl11,106326,,,oxysterol binding protein-like 11
ENSMUSG00000022808,Snx4,69150,Q91YJ2,,sorting nexin 4
ENSMUSG00000022812,Gsk3b,56637,Q9WV60,,glycogen synthase kinase 3 beta
ENSMUSG00000022836,Mylk,107589,Q6PDN3,,"myosin, light polypeptide kinase"
ENSMUSG00000022841,Ap2m1,11773,P84091,,"adaptor-related protein complex 2, mu 1 subunit"
ENSMUSG00000022861,Dgkg,110197,Q91WG7,,"diacylglycerol kinase, gamma"
ENSMUSG00000022897,Dyrk1a,13548,Q61214,,dual-specificity tyrosine phosphorylation regulated kinase 1a
ENSMUSG00000023015,Racgap1,26934,Q9WVM1,,Rac GTPase-activating protein 1
ENSMUSG00000023047,Amhr2,110542,Q8K592,,anti-Mullerian hormone type 2 receptor
ENSMUSG00000023050,Map3k12,26404,Q60700,,mitogen-activated protein kinase kinase kinase 12
ENSMUSG00000023057,Fabp2,14079,P55050,,"fatty acid binding protein 2, intestinal"
ENSMUSG00000023403,Stk31,77485,Q99MW1,,serine threonine kinase 31
ENSMUSG00000023809,Rps6ka2,20112,Q9WUT3,,"ribosomal protein S6 kinase, polypeptide 2"
ENSMUSG00000023809,Rps6ka2,381059,Q9WUT3,,"ribosomal protein S6 kinase, polypeptide 2"
ENSMUSG00000023908,Pkmyt1,268930,Q9ESG9,,"protein kinase, membrane associated tyrosine/threonine 1"
ENSMUSG00000023972,Ptk7,71461,Q8BKG3,,PTK7 protein tyrosine kinase 7
ENSMUSG00000023992,Trem2,83433,Q99NH8,,triggering receptor expressed on myeloid cells 2
ENSMUSG00000024006,Stk38,106504,Q91VJ4,,serine/threonine kinase 38
ENSMUSG00000024014,Pim1,18712,P06803,,proviral integration site 1
ENSMUSG00000024042,Sik1,17691,Q60670,,salt inducible kinase 1
ENSMUSG00000024045,Akap8,56399,Q9DBR0,,A kinase anchor protein 8
ENSMUSG00000024065,Ehd3,57440,Q9QXY6,,EH-domain containing 3
ENSMUSG00000024070,Prkd3,75292,Q8K1Y2,,protein kinase D3
ENSMUSG00000024079,Eif2ak2,19106,Q03963,,eukaryotic translation initiation factor 2-alpha kinase 2
ENSMUSG00000024122,Pdpk1,18607,Q9Z2A0,,3-phosphoinositide dependent protein kinase 1
ENSMUSG00000024177,Nme4,56520,Q9WV84,,NME/NM23 nucleoside diphosphate kinase 4
ENSMUSG00000024184,Pdia2,69191,D3Z6P0,,protein disulfide isomerase associated 2
ENSMUSG00000024210,Ip6k3,271424,Q8BWD2,,inositol hexaphosphate kinase 3
ENSMUSG00000024235,Map3k8,26410,Q07174,,mitogen-activated protein kinase kinase kinase 8
ENSMUSG00000024242,Map4k3,225028,Q99JP0,,mitogen-activated protein kinase kinase kinase kinase 3
ENSMUSG00000024247,Pkdcc,106522,Q5RJI4,,"protein kinase domain containing, cytoplasmic"
ENSMUSG00000024290,Rock1,19877,P70335,,Rho-associated coiled-coil containing protein kinase 1
ENSMUSG00000024335,Brd2,14312,Q7JJ13,,bromodomain containing 2
ENSMUSG00000024365,Cyp21a1,13079,,,"cytochrome P450, family 21, subfamily a, polypeptide 1"
ENSMUSG00000024378,Stard4,170459,,,StAR related lipid transfer domain containing 4
ENSMUSG00000024383,Map3k2,26405,,,mitogen-activated protein kinase kinase kinase 2
ENSMUSG00000024387,Csnk2b,13001,P67871,,"casein kinase 2, beta polypeptide"
ENSMUSG00000024404,Riok3,66878,Q9DBU3,,RIO kinase 3
ENSMUSG00000024431,Nr3c1,14815,P06537,,"nuclear receptor subfamily 3, group C, member 1"
ENSMUSG00000024535,Snx24,69226,Q9CRB0,,sorting nexing 24
ENSMUSG00000024558,Mapk4,225724,Q6P5G0,,mitogen-activated protein kinase 4
ENSMUSG00000024576,Csnk1a1,93687,Q8BK63,,"casein kinase 1, alpha 1"
ENSMUSG00000024617,Camk2a,12322,P11798,,calcium/calmodulin-dependent protein kinase II alpha
ENSMUSG00000024620,Pdgfrb,18596,P05622,,"platelet derived growth factor receptor, beta polypeptide"
ENSMUSG00000024621,Csf1r,12978,P09581,,colony stimulating factor 1 receptor
ENSMUSG00000024687,Osbp,76303,Q3B7Z2,,oxysterol binding protein
ENSMUSG00000024712,Rfk,54391,Q8CFV9,,riboflavin kinase
ENSMUSG00000024727,Trpm6,225997,Q8CIR4,,"transient receptor potential cation channel, subfamily M, member 6"
ENSMUSG00000024769,Cdc42bpg,240505,Q80UW5,,CDC42 binding protein kinase gamma
ENSMUSG00000024782,Ak3,56248,Q9WTP7,,adenylate kinase 3
ENSMUSG00000024787,Snx15,69024,Q91WE1,,sorting nexin 15
ENSMUSG00000024789,Jak2,16452,Q62120,,Janus kinase 2
ENSMUSG00000024830,Rps6kb2,58988,Q9Z1M4,,"ribosomal protein S6 kinase, polypeptide 2"
ENSMUSG00000024843,Chka,12660,O54804,,choline kinase alpha
ENSMUSG00000024858,Grk2,110355,Q99MK8,,G protein-coupled receptor kinase 2
ENSMUSG00000024867,Pip5k1b,18719,P70181,,"phosphatidylinositol-4-phosphate 5-kinase, type 1 beta"
ENSMUSG00000024899,Papss2,23972,O88428,,3'-phosphoadenosine 5'-phosphosulfate synthase 2
ENSMUSG00000024941,Scyl1,78891,Q9EQC5,,SCY1-like 1 (S. cerevisiae)
ENSMUSG00000024948,Map4k2,26412,Q61161,,mitogen-activated protein kinase kinase kinase kinase 2
ENSMUSG00000024959,Bad,12015,Q61337,,BCL2-associated agonist of cell death
ENSMUSG00000024969,Mark2,13728,,,MAP/microtubule affinity regulating kinase 2
ENSMUSG00000025007,Aldh18a1,56454,Q9Z110,,"aldehyde dehydrogenase 18 family, member A1"
ENSMUSG00000025059,Gk,14933,Q64516,,glycerol kinase
ENSMUSG00000025060,Slk,20874,O54988,,STE20-like kinase
ENSMUSG00000025162,Csnk1d,104318,Q9DC28,,"casein kinase 1, delta"
ENSMUSG00000025173,Wdr45b,66840,Q9CR39,,WD repeat domain 45B
ENSMUSG00000025175,Fn3k,63828,Q9ER35,,fructosamine 3 kinase
ENSMUSG00000025178,Pi4k2a,84095,Q2TBE6,,phosphatidylinositol 4-kinase type 2 alpha
ENSMUSG00000025198,Erlin1,226144,Q91X78,,ER lipid raft associated 1
ENSMUSG00000025199,Chuk,12675,,,conserved helix-loop-helix ubiquitous kinase
ENSMUSG00000025209,Twnk,226153,Q8CIW5,,twinkle mtDNA helicase
ENSMUSG00000025236,Adpgk,72141,,,ADP-dependent glucokinase
ENSMUSG00000025271,Pfkfb1,18639,P70266,,"6-phosphofructo-2-kinase/fructose-2,6-biphosphatase 1"
ENSMUSG00000025357,Dgka,13139,O88673,,"diacylglycerol kinase, alpha"
ENSMUSG00000025358,Cdk2,12566,P97377,,cyclin dependent kinase 2
ENSMUSG00000025366,Esyt1,23943,Q3U7R1,,extended synaptotagmin-like protein 1
ENSMUSG00000025375,Aatk,11302,,,apoptosis-associated tyrosine kinase
ENSMUSG00000025417,Pip4k2c,117150,Q91XU3,,"phosphatidylinositol-5-phosphate 4-kinase, type II, gamma"
ENSMUSG00000025467,Prap1,22264,Q80XD8,,proline-rich acidic protein 1
ENSMUSG00000025537,Phkg1,18682,P07934,,phosphorylase kinase gamma 1
ENSMUSG00000025574,Tk1,21877,P04184,,thymidine kinase 1
ENSMUSG00000025648,Pfkfb4,270198,Q6DTY7,,"6-phosphofructo-2-kinase/fructose-2,6-biphosphatase 4"
ENSMUSG00000025665,Rps6ka6,67071,,,ribosomal protein S6 kinase polypeptide 6
ENSMUSG00000025716,Myo3a,667663,,,myosin IIIA
ENSMUSG00000025742,Prps2,110639,Q9CS42,,phosphoribosyl pyrophosphate synthetase 2
ENSMUSG00000025758,Plk4,20873,Q64702,,polo like kinase 4
ENSMUSG00000025812,Pard3,93742,Q99NH2,,par-3 family cell polarity regulator
ENSMUSG00000025854,Fam20c,80752,Q5MJS3,,"FAM20C, golgi associated secretory pathway kinase"
ENSMUSG00000025877,Hk3,212032,Q3TRM8,,hexokinase 3
ENSMUSG00000025889,Snca,20617,O55042,,"synuclein, alpha"
ENSMUSG00000025915,Sgk3,170755,Q9ERE3,,serum/glucocorticoid regulated kinase 3
ENSMUSG00000025931,Paqr8,74229,Q80ZE5,,progestin and adipoQ receptor family member VIII
ENSMUSG00000025949,Pikfyve,18711,Q9Z1T6,,"phosphoinositide kinase, FYVE type zinc finger containing"
ENSMUSG00000026023,Cdk15,271697,Q3V3A1,,cyclin dependent kinase 15
ENSMUSG00000026027,Stradb,227154,Q8K4T3,,STE20-related kinase adaptor beta
ENSMUSG00000026034,Clk1,12747,P22518,,CDC-like kinase 1
ENSMUSG00000026074,Map4k4,26921,,,mitogen-activated protein kinase kinase kinase kinase 4
ENSMUSG00000026094,Stk17b,98267,Q8BG48,,serine/threonine kinase 17b (apoptosis-inducing)
ENSMUSG00000026117,Zap70,22637,P43404,,zeta-chain (TCR) associated protein kinase
ENSMUSG00000026201,Stk16,20872,O88697,,serine/threonine kinase 16
ENSMUSG00000026207,Speg,11790,Q62407,,SPEG complex locus
ENSMUSG00000026235,Epha4,13838,Q03137,,Eph receptor A4
ENSMUSG00000026274,Pask,269224,Q8CEE6,,PAS domain containing serine/threonine kinase
ENSMUSG00000026277,Stk25,59041,Q9Z2W1,,serine/threonine kinase 25 (yeast)
ENSMUSG00000026281,Dtymk,21915,P97930,,deoxythymidylate kinase
ENSMUSG00000026385,Dbi,13167,P31786,,diazepam binding inhibitor
ENSMUSG00000026393,Nek7,59125,Q9ES74,,NIMA (never in mitosis gene a)-related expressed kinase 7
ENSMUSG00000026398,Nr5a2,26424,P45448,,"nuclear receptor subfamily 5, group A, member 2"
ENSMUSG00000026409,Pfkfb2,18640,,,"6-phosphofructo-2-kinase/fructose-2,6-biphosphatase 2"
ENSMUSG00000026437,Cdk18,18557,Q04899,,cyclin dependent kinase 18
ENSMUSG00000026447,Pik3c2b,240752,,,phosphatidylinositol-4-phosphate 3-kinase catalytic subunit type 2 beta
ENSMUSG00000026489,Coq8a,67426,Q60936,,coenzyme Q8A
ENSMUSG00000026490,Cdc42bpa,226751,Q3UU96,,CDC42 binding protein kinase alpha
ENSMUSG00000026558,Uck2,80914,Q99PM9,,uridine-cytidine kinase 2
ENSMUSG00000026575,Nme7,171567,Q9QXL8,,NME/NM23 family member 7
ENSMUSG00000026584,Scyl3,240880,Q9DBQ7,,SCY1-like 3 (S. cerevisiae)
ENSMUSG00000026596,Abl2,11352,,,"ABL proto-oncogene 2, non-receptor tyrosine kinase"
ENSMUSG00000026620,Mark1,226778,Q8VHJ5,,MAP/microtubule affinity regulating kinase 1
ENSMUSG00000026622,Nek2,18005,O35942,,NIMA (never in mitosis gene a)-related expressed kinase 2
ENSMUSG00000026644,Acbd7,78245,Q9D258,,acyl-Coenzyme A binding domain containing 7
ENSMUSG00000026662,Sephs1,109079,Q8BH69,,selenophosphate synthetase 1
ENSMUSG00000026667,Uhmk1,16589,P97343,,U2AF homology motif (UHM) kinase 1
ENSMUSG00000026674,Ddr2,18214,Q62371,,"discoidin domain receptor family, member 2"
ENSMUSG00000026737,Pip4k2a,18718,O70172,,"phosphatidylinositol-5-phosphate 4-kinase, type II, alpha"
ENSMUSG00000026749,Nek6,59126,Q9ES70,,NIMA (never in mitosis gene a)-related expressed kinase 6
ENSMUSG00000026751,Nr5a1,26423,P33242,,"nuclear receptor subfamily 5, group A, member 1"
ENSMUSG00000026773,Pfkfb3,170768,,,"6-phosphofructo-2-kinase/fructose-2,6-biphosphatase 3"
ENSMUSG00000026778,Prkcq,18761,Q02111,,"protein kinase C, theta"
ENSMUSG00000026779,Mastl,67121,Q8C0P0,,microtubule associated serine/threonine kinase-like
ENSMUSG00000026781,Acbd5,74159,Q5XG73,,acyl-Coenzyme A binding domain containing 5
ENSMUSG00000026785,Pkn3,263803,Q8K045,,protein kinase N3
ENSMUSG00000026807,Ak8,68870,Q32M07,,adenylate kinase 8
ENSMUSG00000026817,Ak1,11636,Q9R0Y5,,adenylate kinase 1
ENSMUSG00000026834,Acvr1c,269275,Q8K348,,"activin A receptor, type IC"
ENSMUSG00000026836,Acvr1,11477,P37172,,"activin A receptor, type 1"
ENSMUSG00000026842,Abl1,11350,P00520,,"c-abl oncogene 1, non-receptor tyrosine kinase"
ENSMUSG00000026942,Traf2,22030,P39429,,TNF receptor-associated factor 2
ENSMUSG00000026979,Psd4,215632,Q8BLR5,,pleckstrin and Sec7 domain containing 4
ENSMUSG00000027030,Stk39,53416,Q9Z1W9,,serine/threonine kinase 39
ENSMUSG00000027079,Clp1,98985,Q99LI9,,"CLP1, cleavage and polyadenylation factor I subunit"
ENSMUSG00000027177,Hipk3,15259,Q9ERH7,,homeodomain interacting protein kinase 3
ENSMUSG00000027207,Galk2,69976,Q68FH4,,galactokinase 2
ENSMUSG00000027257,Pacsin3,80708,Q99JB8,,protein kinase C and casein kinase substrate in neurons 3
ENSMUSG00000027296,Itpka,228550,Q8R071,,"inositol 1,4,5-trisphosphate 3-kinase A"
ENSMUSG00000027297,Ltk,17005,P08923,,leukocyte tyrosine kinase
ENSMUSG00000027298,Tyro3,22174,P55144,,TYRO3 protein tyrosine kinase 3
ENSMUSG00000027339,Rassf2,215653,Q8BMS9,,Ras association (RalGDS/AF-6) domain family member 2
ENSMUSG00000027365,Trpm7,58800,Q923J1,,"transient receptor potential cation channel, subfamily M, member 7"
ENSMUSG00000027367,Stard7,99138,Q8R1R3,,StAR related lipid transfer domain containing 7
ENSMUSG00000027379,Bub1,12235,,,"BUB1, mitotic checkpoint serine/threonine kinase"
ENSMUSG00000027423,Snx5,69178,Q9D8U8,,sorting nexin 5
ENSMUSG00000027455,Nsfl1c,386649,Q9CZ44,,NSFL1 (p97) cofactor (p47)
ENSMUSG00000027456,Sdcbp2,228765,Q99JZ0,,syndecan binding protein (syntenin) 2
ENSMUSG00000027470,Mylk2,228785,Q8VCR8,,"myosin, light polypeptide kinase 2, skeletal muscle"
ENSMUSG00000027481,Bpifb2,66557,Q8C1E1,,"BPI fold containing family B, member 2"
ENSMUSG00000027482,Bpifa3,73388,Q9D9J8,,"BPI fold containing family A, member 3"
ENSMUSG00000027483,Bpifa1,18843,P97361,,"BPI fold containing family A, member 1"
ENSMUSG00000027484,Bpifa5,67135,Q9CQX3,,"BPI fold containing family A, member 5"
ENSMUSG00000027485,Bpifb1,228801,Q61114,,"BPI fold containing family B, member 1"
ENSMUSG00000027496,Aurka,20878,P97477,,aurora kinase A
ENSMUSG00000027513,Pck1,18534,Q9Z2V4,,"phosphoenolpyruvate carboxykinase 1, cytosolic"
ENSMUSG00000027528,Fabp9,21884,O08716,,"fatty acid binding protein 9, testis"
ENSMUSG00000027530,Fabp12,75497,Q9DAK4,,fatty acid binding protein 12
ENSMUSG00000027533,Fabp5,16592,Q05816,,"fatty acid binding protein 5, epidermal"
ENSMUSG00000027534,Snx16,74718,Q8C080,,sorting nexin 16
ENSMUSG00000027579,Srms,20811,Q62270,,src-related kinase lacking C-terminal regulatory tyrosine and N-terminal myristylation sites
ENSMUSG00000027646,Src,20779,P05480,,Rous sarcoma oncogene
ENSMUSG00000027665,Pik3ca,18706,P42337,,"phosphatidylinositol-4,5-bisphosphate 3-kinase catalytic subunit alpha"
ENSMUSG00000027692,Tnik,665113,P83510,,TRAF2 and NCK interacting kinase
ENSMUSG00000027797,Dclk1,13175,Q9JLM8,,doublecortin-like kinase 1
ENSMUSG00000027859,Ngf,18049,P01139,,nerve growth factor
ENSMUSG00000027931,Npr1,18160,P18293,,natriuretic peptide receptor 1
ENSMUSG00000027952,Pmvk,68603,Q9D1G2,,phosphomevalonate kinase
ENSMUSG00000028007,Snx7,76561,Q9CY18,,sorting nexin 7
ENSMUSG00000028028,Alpk1,71481,,,alpha-kinase 1
ENSMUSG00000028030,Tbck,271981,Q8BM85,,TBC1 domain containing kinase
ENSMUSG00000028032,Papss1,23971,Q60967,,3'-phosphoadenosine 5'-phosphosulfate synthase 1
ENSMUSG00000028072,Ntrk1,18211,Q3UFB7,,"neurotrophic tyrosine kinase, receptor, type 1"
ENSMUSG00000028078,Dclk2,70762,Q6PGN3,,doublecortin-like kinase 2
ENSMUSG00000028126,Pip5k1a,18720,P70182,,"phosphatidylinositol-4-phosphate 5-kinase, type 1 alpha"
ENSMUSG00000028136,Snx27,76742,Q3UHD6,,sorting nexin family member 27
ENSMUSG00000028158,Mttp,17777,O08601,,microsomal triglyceride transfer protein
ENSMUSG00000028228,Cpne3,70568,Q8BT60,,copine III
ENSMUSG00000028249,Sdcbp,53378,O08992,,syndecan binding protein
ENSMUSG00000028284,Map3k7,26409,Q62073,,mitogen-activated protein kinase kinase kinase 7
ENSMUSG00000028289,Epha7,13841,Q61772,,Eph receptor A7
ENSMUSG00000028452,Vcp,269523,Q01853,,valosin containing protein
ENSMUSG00000028455,Stoml2,66592,Q99JB2,,stomatin (Epb7.2)-like 2
ENSMUSG00000028458,Tesk1,21754,O70146,,testis specific protein kinase 1
ENSMUSG00000028469,Npr2,230103,Q6VVW5,,natriuretic peptide receptor 2
ENSMUSG00000028479,Gne,50798,Q91WG8,,glucosamine (UDP-N-acetyl)-2-epimerase/N-acetylmannosamine kinase
ENSMUSG00000028488,Sh3gl2,20404,Q62420,,SH3-domain GRB2-like 2
ENSMUSG00000028518,Prkaa2,108079,Q8BRK8,,"protein kinase, AMP-activated, alpha 2 catalytic subunit"
ENSMUSG00000028527,Ak4,11639,Q9WUR9,,adenylate kinase 4
ENSMUSG00000028530,Jak1,16451,,,Janus kinase 1
ENSMUSG00000028559,Osbpl9,100273,A2A8Z1,,oxysterol binding protein-like 9
ENSMUSG00000028573,Fggy,75578,A2AJL3,,FGGY carbohydrate kinase domain containing
ENSMUSG00000028603,Scp2,20280,P32020,,"sterol carrier protein 2, liver"
ENSMUSG00000028630,Dyrk2,69181,Q5U4C9,,dual-specificity tyrosine phosphorylation regulated kinase 2
ENSMUSG00000028661,Epha8,13842,O09127,,Eph receptor A8
ENSMUSG00000028664,Ephb2,13844,P54763,,Eph receptor B2
ENSMUSG00000028680,Plk3,12795,,,polo like kinase 3
ENSMUSG00000028708,Mknk1,17346,,,MAP kinase-interacting serine/threonine kinase 1
ENSMUSG00000028709,Mob3c,100465,Q8BJG4,,MOB kinase activator 3C
ENSMUSG00000028719,Cmpk1,66588,,,cytidine/uridine monophosphate kinase 1
ENSMUSG00000028756,Pink1,68943,Q99MQ3,,PTEN induced putative kinase 1
ENSMUSG00000028773,Fabp3,14077,P11404,,"fatty acid binding protein 3, muscle and heart"
ENSMUSG00000028792,Ak2,11637,Q9WTP6,,adenylate kinase 2
ENSMUSG00000028862,Map3k6,53608,,,mitogen-activated protein kinase kinase kinase 6
ENSMUSG00000028874,Fgr,14191,P14234,,"FGR proto-oncogene, Src family tyrosine kinase"
ENSMUSG00000028876,Epha10,230735,Q8BYG9,,Eph receptor A10
ENSMUSG00000028926,Cdk14,18647,O35495,,cyclin dependent kinase 14
ENSMUSG00000028944,Prkag2,108099,Q91WG5,,"protein kinase, AMP-activated, gamma 2 non-catalytic subunit"
ENSMUSG00000028948,Nol9,74035,Q3TZX8,,nucleolar protein 9
ENSMUSG00000028959,Fastk,66587,,,Fas-activated serine/threonine kinase
ENSMUSG00000028969,Cdk5,12568,P49615,,cyclin dependent kinase 5
ENSMUSG00000028991,Mtor,56717,Q9JLN9,,mechanistic target of rapamycin kinase
ENSMUSG00000028996,Rbp7,63954,Q9EPC5,,"retinol binding protein 7, cellular"
ENSMUSG00000029053,Prkcz,18762,Q02956,,"protein kinase C, zeta"
ENSMUSG00000029062,Cdk11b,12537,P24788,,cyclin dependent kinase 11B
ENSMUSG00000029063,Nadk,192185,P58058,,NAD kinase
ENSMUSG00000029073,Cptp,79554,Q8BS40,,ceramide-1-phosphate transfer protein
ENSMUSG00000029123,Stk32b,64293,Q9JJX8,,serine/threonine kinase 32B
ENSMUSG00000029136,Rbks,71336,Q8R1Q9,,ribokinase
ENSMUSG00000029146,Snx17,266781,Q8BVL3,,sorting nexin 17
ENSMUSG00000029148,Nrbp1,192292,Q99J45,,nuclear receptor binding protein 1
ENSMUSG00000029155,Spata18,73472,Q0P557,,spermatogenesis associated 18
ENSMUSG00000029162,Khk,16548,,,ketohexokinase
ENSMUSG00000029186,Pi4k2b,67073,Q8CBQ5,,phosphatidylinositol 4-kinase type 2 beta
ENSMUSG00000029217,Tec,21682,,,tec protein tyrosine kinase
ENSMUSG00000029231,Pdgfra,18595,P26618,,"platelet derived growth factor receptor, alpha polypeptide"
ENSMUSG00000029245,Epha5,13839,Q60629,,Eph receptor A5
ENSMUSG00000029283,Cdc7,12545,Q9Z0H0,,cell division cycle 7
ENSMUSG00000029334,Prkg2,19092,,,"protein kinase, cGMP-dependent, type II"
ENSMUSG00000029366,Dck,13178,P43346,,deoxycytidine kinase
ENSMUSG00000029368,Alb,11657,P07724,,albumin
ENSMUSG00000029403,Cdkl2,53886,Q9QUK0,,cyclin dependent kinase like 2
ENSMUSG00000029406,Pitpnm2,19679,Q6ZPQ6,,"phosphatidylinositol transfer protein, membrane-associated 2"
ENSMUSG00000029454,Mapkapk5,17165,O54992,,MAP kinase-activated protein kinase 5
ENSMUSG00000029471,Camkk2,207565,Q8C078,,"calcium/calmodulin-dependent protein kinase kinase 2, beta"
ENSMUSG00000029512,Ulk1,22241,,,unc-51 like kinase 1
ENSMUSG00000029513,Prkab1,19079,Q9R078,,"protein kinase, AMP-activated, beta 1 non-catalytic subunit"
ENSMUSG00000029516,Cit,12704,,,citron
ENSMUSG00000029521,Chek2,50883,Q9Z265,,checkpoint kinase 2
ENSMUSG00000029560,Snx8,231834,Q8CFD4,,sorting nexin 8
ENSMUSG00000029578,Wipi2,74781,Q80W47,,"WD repeat domain, phosphoinositide interacting 2"
ENSMUSG00000029608,Rph3a,19894,P47708,,rabphilin 3A
ENSMUSG00000029613,Eif2ak1,15467,Q9Z2R9,,eukaryotic translation initiation factor 2 alpha kinase 1
ENSMUSG00000029635,Cdk8,264064,Q8R3L8,,cyclin dependent kinase 8
ENSMUSG00000029647,Pan3,72587,Q640Q5,,PAN3 poly(A) specific ribonuclease subunit
ENSMUSG00000029648,Flt1,14254,,,FMS-like tyrosine kinase 1
ENSMUSG00000029674,Limk1,16885,P53668,,LIM domain kinase 1
ENSMUSG00000029710,Ephb4,13846,P54761,,Eph receptor B4
ENSMUSG00000029735,Tpk1,29807,Q9R0M5,,thiamine pyrophosphokinase
ENSMUSG00000029822,Osbpl3,71720,Q9DBS9,,oxysterol binding protein-like 3
ENSMUSG00000029833,Trim24,21848,Q64127,,tripartite motif-containing 24
ENSMUSG00000029859,Epha1,13835,Q60750,,Eph receptor A1
ENSMUSG00000029869,Ephb6,13848,O08644,,Eph receptor B6
ENSMUSG00000029916,Agk,69923,Q9ESW4,,acylglycerol kinase
ENSMUSG00000030110,Ret,19713,P35546,,ret proto-oncogene
ENSMUSG00000030224,Strap,20901,Q9Z1Z2,,serine/threonine kinase receptor associated protein
ENSMUSG00000030228,Pik3c2g,18705,,,phosphatidylinositol-4-phosphate 3-kinase catalytic subunit type 2 gamma
ENSMUSG00000030272,Camk1,52163,Q91YS8,,calcium/calmodulin-dependent protein kinase I
ENSMUSG00000030275,Etnk1,75320,Q9D4V0,,ethanolamine kinase 1
ENSMUSG00000030279,C2cd5,74741,Q7TPS5,,C2 calcium-dependent domain containing 5
ENSMUSG00000030345,Dyrk4,101320,Q8BI55,,dual-specificity tyrosine phosphorylation regulated kinase 4
ENSMUSG00000030397,Mark4,232944,Q8CIP4,,MAP/microtubule affinity regulating kinase 4
ENSMUSG00000030399,Ckm,12715,P07310,,"creatine kinase, muscle"
ENSMUSG00000030409,Dmpk,13400,P54265,,dystrophia myotonica-protein kinase
ENSMUSG00000030433,Sbk2,381836,P0C5K1,,"SH3-binding domain kinase family, member 2"
ENSMUSG00000030589,Rasgrp4,233046,Q8BTM9,,RAS guanyl releasing protein 4
ENSMUSG00000030602,Pak4,70584,Q8BTW9,,p21 (RAC1) activated kinase 4
ENSMUSG00000030638,Sh3gl3,20408,,,SH3-domain GRB2-like 3
ENSMUSG00000030655,Smg1,233789,Q8BKX6,,SMG1 nonsense mediated mRNA decay associated PI3K related kinase
ENSMUSG00000030660,Pik3c2a,18704,,,phosphatidylinositol-4-phosphate 3-kinase catalytic subunit type 2 alpha
ENSMUSG00000030688,Stard10,56018,Q9JMD3,,StAR related lipid transfer domain containing 10
ENSMUSG00000030691,Fchsd2,207278,Q3USJ8,,FCH and double SH3 domains 2
ENSMUSG00000030774,Pak1,18479,,,p21 (RAC1) activated kinase 1
ENSMUSG00000030802,Bckdk,12041,O55028,,branched chain ketoacid dehydrogenase kinase
ENSMUSG00000030815,Phkg2,68961,Q9DB30,,"phosphorylase kinase, gamma 2 (testis)"
ENSMUSG00000030849,Fgfr2,14183,,,fibroblast growth factor receptor 2
ENSMUSG00000030866,Ern2,26918,Q9Z2E3,,endoplasmic reticulum to nucleus signalling 2
ENSMUSG00000030867,Plk1,18817,Q07832,,polo like kinase 1
ENSMUSG00000030890,Ilk,16202,O55222,,integrin linked kinase
ENSMUSG00000031012,Cask,12361,O70589,,calcium/calmodulin dependent serine protein kinase
ENSMUSG00000031016,Wee1,22390,P47810,,WEE 1 homolog 1 (S. pombe)
ENSMUSG00000031027,Stk33,117229,Q924X7,,serine/threonine kinase 33
ENSMUSG00000031065,Cdk16,18555,Q04735,,cyclin dependent kinase 16
ENSMUSG00000031112,Stk26,70415,Q99JT2,,serine/threonine kinase 26
ENSMUSG00000031155,Pim2,18715,Q62070,,proviral integration site 2
ENSMUSG00000031216,Stard8,236920,Q8K031,,StAR related lipid transfer domain containing 8
ENSMUSG00000031233,Pgk2,18663,P09041,,phosphoglycerate kinase 2
ENSMUSG00000031264,Btk,12229,P35991,,Bruton agammaglobulinemia tyrosine kinase
ENSMUSG00000031284,Pak3,18481,Q61036,,p21 (RAC1) activated kinase 3
ENSMUSG00000031292,Cdkl5,382253,Q3UTQ8,,cyclin dependent kinase like 5
ENSMUSG00000031293,Rs1,20147,Q9Z1L4,,"retinoschisis (X-linked, juvenile) 1 (human)"
ENSMUSG00000031303,Map3k15,270672,A2AQW0,,mitogen-activated protein kinase kinase kinase 15
ENSMUSG00000031309,Rps6ka3,110651,P18654,,ribosomal protein S6 kinase polypeptide 3
ENSMUSG00000031314,Taf1,270627,Q80UV9,,TATA-box binding protein associated factor 1
ENSMUSG00000031377,Bmx,12169,P97504,,BMX non-receptor tyrosine kinase
ENSMUSG00000031383,Dusp9,75590,,,dual specificity phosphatase 9
ENSMUSG00000031392,Irak1,16179,Q62406,,interleukin-1 receptor-associated kinase 1
ENSMUSG00000031432,Prps1,19139,Q9D7G0,,phosphoribosyl pyrophosphate synthetase 1
ENSMUSG00000031442,Mcf2l,17207,,,mcf.2 transforming sequence-like
ENSMUSG00000031450,Grk1,24013,,,G protein-coupled receptor kinase 1
ENSMUSG00000031478,Nek3,23954,Q9R0A5,,NIMA (never in mitosis gene a)-related expressed kinase 3
ENSMUSG00000031479,Vps36,70160,Q91XD6,,vacuolar protein sorting 36
ENSMUSG00000031523,Dlc1,50768,,,deleted in liver cancer 1
ENSMUSG00000031537,Ikbkb,16150,,,inhibitor of kappaB kinase beta
ENSMUSG00000031557,Plekha2,83436,Q9ERS5,,"pleckstrin homology domain-containing, family A (phosphoinositide binding specific) member 2"
ENSMUSG00000031565,Fgfr1,14182,P16092,,fibroblast growth factor receptor 1
ENSMUSG00000031574,Star,20845,P51557,,steroidogenic acute regulatory protein
ENSMUSG00000031618,Nr3c2,110784,,,"nuclear receptor subfamily 3, group C, member 2"
ENSMUSG00000031644,Nek1,18004,P51954,,NIMA (never in mitosis gene a)-related expressed kinase 1
ENSMUSG00000031662,Snx20,71607,,,sorting nexin 20
ENSMUSG00000031668,Eif2ak3,13666,,,eukaryotic translation initiation factor 2 alpha kinase 3
ENSMUSG00000031698,Mylk3,213435,Q3UIZ8,,myosin light chain kinase 3
ENSMUSG00000031782,Coq9,67914,Q8K1Z0,,coenzyme Q9
ENSMUSG00000031805,Jak3,16453,,,Janus kinase 3
ENSMUSG00000031813,Mvb12a,73711,Q78HU3,,multivesicular body subunit 12A
ENSMUSG00000031833,Mast3,546071,Q3U214,,microtubule associated serine/threonine kinase 3
ENSMUSG00000031853,Map3k21,234878,Q8VDG6,,mitogen-activated protein kinase kinase kinase 21
ENSMUSG00000031870,Pgr,18667,Q00175,,progesterone receptor
ENSMUSG00000031993,Snx19,102607,Q6P4T1,,sorting nexin 19
ENSMUSG00000032079,Apoa5,66113,Q8C7G5,,apolipoprotein A-V
ENSMUSG00000032080,Apoa4,11808,P06728,,apolipoprotein A-IV
ENSMUSG00000032081,Apoc3,11814,,,apolipoprotein C-III
ENSMUSG00000032083,Apoa1,11806,Q00623,,apolipoprotein A-I
ENSMUSG00000032113,Chek1,12649,O35280,,checkpoint kinase 1
ENSMUSG00000032120,C2cd2l,71764,Q80X80,,C2 calcium-dependent domain containing 2-like
ENSMUSG00000032175,Tyk2,54721,Q9R117,,tyrosine kinase 2
ENSMUSG00000032220,Myo1e,71602,E9Q634,,myosin IE
ENSMUSG00000032257,Ankk1,244859,Q8BZ25,,ankyrin repeat and kinase domain containing 1
ENSMUSG00000032278,Paqr5,74090,Q9DCU0,,progestin and adipoQ receptor family member V
ENSMUSG00000032291,Crabp1,12903,P62965,,cellular retinoic acid binding protein I
ENSMUSG00000032294,Pkm,18746,P52480,,"pyruvate kinase, muscle"
ENSMUSG00000032308,Ulk3,71742,Q3U3Q1,,unc-51-like kinase 3
ENSMUSG00000032312,Csk,12988,P41241,,c-src tyrosine kinase
ENSMUSG00000032316,Clk3,102414,O35492,,CDC-like kinase 3
ENSMUSG00000032344,Cgas,214763,Q8C6L5,,cyclic GMP-AMP synthase
ENSMUSG00000032380,Dapk2,13143,Q8VDF3,,death-associated protein kinase 2
ENSMUSG00000032382,Snx1,56440,,,sorting nexin 1
ENSMUSG00000032384,Csnk1g1,214897,Q8BTH8,,"casein kinase 1, gamma 1"
ENSMUSG00000032409,Atr,245000,,,ataxia telangiectasia and Rad3 related
ENSMUSG00000032440,Tgfbr2,21813,Q62312,,"transforming growth factor, beta receptor II"
ENSMUSG00000032454,Rbp2,19660,Q08652,,"retinol binding protein 2, cellular"
ENSMUSG00000032462,Pik3cb,74769,Q8BTI9,,"phosphatidylinositol-4,5-bisphosphate 3-kinase catalytic subunit beta"
ENSMUSG00000032478,Nme6,54369,O88425,,NME/NM23 nucleoside diphosphate kinase 6
ENSMUSG00000032485,Scap,235623,Q6GQT6,,SREBF chaperone
ENSMUSG00000032500,Dclk3,245038,Q8BWQ5,,doublecortin-like kinase 3
ENSMUSG00000032501,Trib1,211770,Q8K4K4,,tribbles pseudokinase 1
ENSMUSG00000032537,Ephb1,270190,Q8CBF3,,Eph receptor B1
ENSMUSG00000032547,Ryk,20187,Q01887,,receptor-like tyrosine kinase
ENSMUSG00000032571,Pik3r4,75669,Q8VD65,,phosphoinositide-3-kinase regulatory subunit 4
ENSMUSG00000032575,Manf,74840,Q9CXI5,,mesencephalic astrocyte-derived neurotrophic factor
ENSMUSG00000032577,Mapkapk3,102626,Q3UMW7,,mitogen-activated protein kinase-activated protein kinase 3
ENSMUSG00000032584,Mst1r,19882,Q62190,,macrophage stimulating 1 receptor (c-met-related tyrosine kinase)
ENSMUSG00000032594,Ip6k1,27399,Q6PD10,,inositol hexaphosphate kinase 1
ENSMUSG00000032599,Ip6k2,76500,Q80V72,,inositol hexaphosphate kinase 2
ENSMUSG00000032601,Prkar2a,19087,,,"protein kinase, cAMP dependent regulatory, type II alpha"
ENSMUSG00000032715,Trib3,228775,Q8K4K2,,tribbles pseudokinase 3
ENSMUSG00000032739,Pram1,378460,Q6BCL1,,PML-RAR alpha-regulated adaptor molecule 1
ENSMUSG00000032788,Pdxk,216134,Q8K183,,"pyridoxal (pyridoxine, vitamin B6) kinase"
ENSMUSG00000032845,Alpk2,225638,Q91ZB0,,alpha-kinase 2
ENSMUSG00000032899,Styk1,243659,Q6J9G1,,serine/threonine/tyrosine kinase 1
ENSMUSG00000032936,Camkv,235604,Q3UHL1,,CaM kinase-like vesicle-associated
ENSMUSG00000032959,Pebp1,23980,P70296,,phosphatidylethanolamine binding protein 1
ENSMUSG00000033065,Pfkm,18642,P47857,,"phosphofructokinase, muscle"
ENSMUSG00000033191,Tie1,21846,Q06806,,tyrosine kinase with immunoglobulin-like and EGF-like domains 1
ENSMUSG00000033276,Stk36,269209,Q69ZM6,,serine/threonine kinase 36
ENSMUSG00000033352,Map2k4,26398,P47809,,mitogen-activated protein kinase kinase 4
ENSMUSG00000033526,Ppip5k1,327655,A2ARP1,,diphosphoinositol pentakisphosphate kinase 1
ENSMUSG00000033538,Casp4,12363,P70343,,"caspase 4, apoptosis-related cysteine peptidase"
ENSMUSG00000033542,Arhgef5,54324,E9Q7D5,,Rho guanine nucleotide exchange factor 5
ENSMUSG00000033557,Fam20b,215015,Q8VCS3,,"FAM20B, glycosaminoglycan xylosylkinase"
ENSMUSG00000033576,Apol6,71939,,,apolipoprotein L 6
ENSMUSG00000033610,Pank1,75735,Q8K4K6,,pantothenate kinase 1
ENSMUSG00000033615,Cplx1,12889,P63040,,complexin 1
ENSMUSG00000033618,Map3k13,71751,Q1HKZ5,,mitogen-activated protein kinase kinase kinase 13
ENSMUSG00000033628,Pik3c3,225326,Q6PF93,,phosphatidylinositol 3-kinase catalytic subunit type 3
ENSMUSG00000033701,Acbd6,72482,Q9D061,,acyl-Coenzyme A binding domain containing 6
ENSMUSG00000033703,Fcsk,234730,Q7TMC8,,fucose kinase
ENSMUSG00000033705,Stard9,668880,Q80TF6,,StAR related lipid transfer domain containing 9
ENSMUSG00000033788,Dysf,26903,Q9ESD7,,dysferlin
ENSMUSG00000033862,Cdk10,234854,Q3UMM4,,cyclin dependent kinase 10
ENSMUSG00000033885,Pxk,218699,Q8BX57,,PX domain containing serine/threonine kinase
ENSMUSG00000033966,Cdkl4,381113,Q3TZA2,,cyclin dependent kinase like 4
ENSMUSG00000033985,Tesk2,230661,Q8VCT9,,testis-specific kinase 2
ENSMUSG00000034135,Sik3,70661,Q6P4S6,,SIK family kinase 3
ENSMUSG00000034160,Ogt,108155,Q8CGY8,,O-linked N-acetylglucosamine (GlcNAc) transferase (UDP-N-acetylglucosamine:polypeptide-N-acetylglucosaminyl transferase)
ENSMUSG00000034171,Faah,14073,O08914,,fatty acid amide hydrolase
ENSMUSG00000034218,Atm,11920,Q62388,,ataxia telangiectasia mutated
ENSMUSG00000034290,Nek9,217718,Q8K1R7,,NIMA (never in mitosis gene a)-related expressed kinase 9
ENSMUSG00000034312,Iqsec1,232227,Q8R0S2,,IQ motif and Sec7 domain 1
ENSMUSG00000034371,Tkfc,225913,Q8VC30,,"triokinase, FMN cyclase"
ENSMUSG00000034484,Snx2,67804,Q9CWK8,,sorting nexin 2
ENSMUSG00000034663,Bmp2k,140780,Q91Z96,,BMP2 inducible kinase
ENSMUSG00000034731,Dgkh,380921,D3YXJ0,,"diacylglycerol kinase, eta"
ENSMUSG00000034744,Nagk,56174,Q9QZ08,,N-acetylglucosamine kinase
ENSMUSG00000034751,Mast4,328329,Q811L6,,microtubule associated serine/threonine kinase family member 4
ENSMUSG00000034761,Map4k5,399510,Q8BPM2,,mitogen-activated protein kinase kinase kinase kinase 5
ENSMUSG00000034853,Acot11,329910,Q8VHQ9,,acyl-CoA thioesterase 11
ENSMUSG00000034902,Pip5k1c,18717,O70161,,"phosphatidylinositol-4-phosphate 5-kinase, type 1 gamma"
ENSMUSG00000034974,Dapk3,13144,O54784,,death-associated protein kinase 3
ENSMUSG00000035027,Map2k2,26396,Q63932,,mitogen-activated protein kinase kinase 2
ENSMUSG00000035032,Nek11,208583,Q8C0Q4,,NIMA (never in mitosis gene a)-related expressed kinase 11
ENSMUSG00000035042,Ccl5,20304,P30882,,C-C motif chemokine ligand 5
ENSMUSG00000035064,Eef2k,13631,O08796,,eukaryotic elongation factor-2 kinase
ENSMUSG00000035069,Oma1,67013,Q9D8H7,,OMA1 zinc metallopeptidase
ENSMUSG00000035112,Wnk4,69847,Q80UE6,,WNK lysine deficient protein kinase 4
ENSMUSG00000035203,Epn1,13854,Q80VP1,,epsin 1
ENSMUSG00000035232,Pdk3,236900,Q922H2,,"pyruvate dehydrogenase kinase, isoenzyme 3"
ENSMUSG00000035305,Ror1,26563,Q9Z139,,receptor tyrosine kinase-like orphan receptor 1
ENSMUSG00000035390,Brsk1,381979,Q5RJI5,,BR serine/threonine kinase 1
ENSMUSG00000035392,Dennd1a,227801,Q8K382,,DENN domain containing 1A
ENSMUSG00000035476,Tab3,66724,Q571K4,,TGF-beta activated kinase 1/MAP3K7 binding protein 3
ENSMUSG00000035486,Plk5,216166,Q4FZD7,,polo like kinase 5
ENSMUSG00000035683,Melk,17279,Q61846,,maternal embryonic leucine zipper kinase
ENSMUSG00000035725,Prkx,19108,Q922R0,,"protein kinase, X-linked"
ENSMUSG00000035769,Xylb,102448,Q3TNA1,,xylulokinase homolog (H. influenzae)
ENSMUSG00000035824,Tk2,57813,,,"thymidine kinase 2, mitochondrial"
ENSMUSG00000035828,Pim3,223775,P58750,,proviral integration site 3
ENSMUSG00000035864,Syt1,20979,P46096,,synaptotagmin I
ENSMUSG00000035878,Hykk,235386,Q5U5V2,,hydroxylysine kinase 1
ENSMUSG00000035891,Cerk,223753,Q8K4Q7,,ceramide kinase
ENSMUSG00000036095,Dgkb,217480,Q6NS52,,"diacylglycerol kinase, beta"
ENSMUSG00000036273,Lrrk2,66725,Q5S006,,leucine-rich repeat kinase 2
ENSMUSG00000036292,Gramd1c,207798,Q8CI52,,GRAM domain containing 1C
ENSMUSG00000036551,Akap14,434756,,,A kinase anchor protein 14
ENSMUSG00000036580,Spart,229285,Q8R1X6,,spartin
ENSMUSG00000036634,Mag,17136,P20917,,myelin-associated glycoprotein
ENSMUSG00000036737,Oxsr1,108737,Q6P9R2,,oxidative-stress responsive 1
ENSMUSG00000036853,Mcoln3,171166,Q8R4F0,,mucolipin 3
ENSMUSG00000037003,Tns2,209039,Q8CGB6,,tensin 2
ENSMUSG00000037012,Hk1,15275,P17710,,hexokinase 1
ENSMUSG00000037062,Sh3glb1,54673,Q9JK48,,SH3-domain GRB2-like B1 (endophilin)
ENSMUSG00000037112,Sik2,235344,,,salt inducible kinase 2
ENSMUSG00000037159,Wee2,381759,Q66JT0,,WEE1 homolog 2 (S. pombe)
ENSMUSG00000037251,Pomk,74653,Q3TUA9,,protein-O-mannose kinase
ENSMUSG00000037337,Map4k1,26411,P70218,,mitogen-activated protein kinase kinase kinase kinase 1
ENSMUSG00000037348,Paqr7,71904,Q80ZE4,,progestin and adipoQ receptor family member VII
ENSMUSG00000037514,Pank2,74450,Q7M753,,pantothenate kinase 2
ENSMUSG00000037593,Rskr,216976,Q5SYL1,,ribosomal protein S6 kinase related
ENSMUSG00000037601,Nme1,18102,P15532,,NME/NM23 nucleoside diphosphate kinase 1
ENSMUSG00000037606,Osbpl5,79196,Q9ER64,,oxysterol binding protein-like 5
ENSMUSG00000037643,Prkci,18759,Q62074,,"protein kinase C, iota"
ENSMUSG00000037646,Vps13b,666173,Q80TY5,,vacuolar protein sorting 13B
ENSMUSG00000037681,Esyt3,272636,Q5DTI8,,extended synaptotagmin-like protein 3
ENSMUSG00000037706,Cd81,12520,P35762,,CD81 antigen
ENSMUSG00000037712,Fermt2,218952,Q8CIB5,,fermitin family member 2
ENSMUSG00000037727,Avp,11998,P35455,,arginine vasopressin
ENSMUSG00000037738,Nek5,330721,Q7TSC3,,NIMA (never in mitosis gene a)-related expressed kinase 5
ENSMUSG00000037847,Nmrk1,225994,Q91W63,,nicotinamide riboside kinase 1
ENSMUSG00000037885,Stk35,67333,Q80ZW0,,serine/threonine kinase 35
ENSMUSG00000037936,Scarb1,20778,Q61009,,"scavenger receptor class B, member 1"
ENSMUSG00000037940,Inpp4b,234515,Q6P1Y8,,"inositol polyphosphate-4-phosphatase, type II"
ENSMUSG00000037989,Wnk2,75607,,,WNK lysine deficient protein kinase 2
ENSMUSG00000038057,Dbil5,13168,O09035,,diazepam binding inhibitor-like 5
ENSMUSG00000038084,Opa1,74143,P58281,,"OPA1, mitochondrial dynamin like GTPase"
ENSMUSG00000038128,Camk4,12326,,,calcium/calmodulin-dependent protein kinase IV
ENSMUSG00000038145,Snrk,20623,Q8VDU5,,SNF related kinase
ENSMUSG00000038205,Prkab2,108097,Q6PAM0,,"protein kinase, AMP-activated, beta 2 non-catalytic subunit"
ENSMUSG00000038301,Snx10,71982,Q9CWT3,,sorting nexin 10
ENSMUSG00000038379,Ttk,22137,P35761,,Ttk protein kinase
ENSMUSG00000038481,Cdk19,78334,Q8BWD8,,cyclin dependent kinase 19
ENSMUSG00000038524,Fchsd1,319262,Q6PFY1,,FCH and double SH3 domains 1
ENSMUSG00000038534,Osbpl7,71240,,,oxysterol binding protein-like 7
ENSMUSG00000038572,Bpifb5,228802,,,"BPI fold containing family B, member 5"
ENSMUSG00000038587,Akap12,83397,Q9WTQ5,,A kinase anchor protein 12
ENSMUSG00000038615,Nfe2l1,18023,Q61985,,"nuclear factor, erythroid derived 2,-like 1"
ENSMUSG00000038665,Dgki,320127,D3YWQ0,,"diacylglycerol kinase, iota"
ENSMUSG00000038740,Mvb12b,72543,Q6KAU4,,multivesicular body subunit 12B
ENSMUSG00000038751,Ptk6,20459,Q64434,,PTK6 protein tyrosine kinase 6
ENSMUSG00000038763,Alpk3,116904,Q924C5,,alpha-kinase 3
ENSMUSG00000038844,Kif16b,16558,B1AVY7,,kinesin family member 16B
ENSMUSG00000038855,Itpkb,320404,,,"inositol 1,4,5-trisphosphate 3-kinase B"
ENSMUSG00000038861,Pi4kb,107650,Q8BKC8,,phosphatidylinositol 4-kinase beta
ENSMUSG00000038967,Pdk2,18604,Q9JK42,,"pyruvate dehydrogenase kinase, isoenzyme 2"
ENSMUSG00000038970,Lmtk2,231876,Q3TYD6,,lemur tyrosine kinase 2
ENSMUSG00000038976,Ppp1r9b,217124,Q6R891,,"protein phosphatase 1, regulatory subunit 9B"
ENSMUSG00000039050,Osbpl2,228983,Q8BX94,,oxysterol binding protein-like 2
ENSMUSG00000039058,Ak5,229949,Q920P5,,adenylate kinase 5
ENSMUSG00000039145,Camk1d,227541,Q8BW96,,calcium/calmodulin-dependent protein kinase ID
ENSMUSG00000039197,Adk,11534,P55264,,adenosine kinase
ENSMUSG00000039253,Fn3krp,238024,Q8K274,,fructosamine 3 kinase related protein
ENSMUSG00000039382,Wdr45,54636,Q91VM3,,WD repeat domain 45
ENSMUSG00000039395,Mreg,381269,Q6NVG5,,melanoregulin
ENSMUSG00000039452,Snx22,382083,,,sorting nexin 22
ENSMUSG00000039533,Mmd2,75104,Q8R189,,monocyte to macrophage differentiation-associated 2
ENSMUSG00000039725,Trp53rka,381406,,,transformation related protein 53 regulating kinase A
ENSMUSG00000039735,Fnbp1l,214459,,,formin binding protein 1-like
ENSMUSG00000039745,Htatip2,53415,Q9Z2G9,,HIV-1 Tat interactive protein 2
ENSMUSG00000039913,Pak5,241656,Q8C015,,p21 (RAC1) activated kinase 5
ENSMUSG00000039936,Pik3cd,18707,O35904,,"phosphatidylinositol-4,5-bisphosphate 3-kinase catalytic subunit delta"
ENSMUSG00000039954,Stk32a,269019,Q8BGW6,,serine/threonine kinase 32A
ENSMUSG00000040021,Lats1,16798,Q8BYR2,,large tumor suppressor
ENSMUSG00000040084,Bub1b,12236,Q9Z1S0,,"BUB1B, mitotic checkpoint serine/threonine kinase"
ENSMUSG00000040086,Tnni3k,435766,Q5GIG6,,TNNI3 interacting kinase
ENSMUSG00000040111,Gramd1b,235283,Q80TI0,,GRAM domain containing 1B
ENSMUSG00000040268,Plekha1,101476,Q8BUL6,,"pleckstrin homology domain containing, family A (phosphoinositide binding specific) member 1"
ENSMUSG00000040274,Cdk6,12571,Q64261,,cyclin dependent kinase 6
ENSMUSG00000040276,Pacsin1,23969,Q61644,,protein kinase C and casein kinase substrate in neurons 1
ENSMUSG00000040325,Dcaf1,321006,Q80TR8,,DDB1 and CUL4 associated factor 1
ENSMUSG00000040390,Map3k10,269881,Q66L42,,mitogen-activated protein kinase kinase kinase 10
ENSMUSG00000040424,Hipk4,233020,Q3V016,,homeodomain interacting protein kinase 4
ENSMUSG00000040430,Pitpnc1,71795,Q8K4R4,,"phosphatidylinositol transfer protein, cytoplasmic 1"
ENSMUSG00000040451,Sgms1,208449,Q8VCQ6,,sphingomyelin synthase 1
ENSMUSG00000040479,Dgkz,104418,Q80UP3,,diacylglycerol kinase zeta
ENSMUSG00000040543,Pitpnm3,327958,Q3UHE1,,PITPNM family member 3
ENSMUSG00000040548,Tex2,21763,Q6ZPJ0,,testis expressed gene 2
ENSMUSG00000040648,Ppip5k2,227399,Q6ZQB6,,diphosphoinositol pentakisphosphate kinase 2
ENSMUSG00000040875,Osbpl10,74486,S4R1M9,,oxysterol binding protein-like 10
ENSMUSG00000040936,Ulk4,209012,Q3V129,,unc-51-like kinase 4
ENSMUSG00000041135,Ripk2,192656,P58801,,receptor (TNFRSF)-interacting serine-threonine kinase 2
ENSMUSG00000041187,Prkd2,101540,Q8BZ03,,protein kinase D2
ENSMUSG00000041216,Clvs1,74438,Q9D4C9,,clavesin 1
ENSMUSG00000041237,Pklr,18770,,,pyruvate kinase liver and red blood cell
ENSMUSG00000041245,Wnk3,279561,Q80XP9,,WNK lysine deficient protein kinase 3
ENSMUSG00000041297,Cdk13,69562,Q69ZA1,,cyclin dependent kinase 13
ENSMUSG00000041323,Ak7,78801,,,adenylate kinase 7
ENSMUSG00000041417,Pik3r1,18708,P26450,,phosphoinositide-3-kinase regulatory subunit 1
ENSMUSG00000041423,Paqr6,68957,Q6TCG5,,progestin and adipoQ receptor family member VI
ENSMUSG00000041440,Gk5,235533,Q8BX05,,glycerol kinase 5
ENSMUSG00000041566,Tssk1,22114,Q61241,,testis-specific serine kinase 1
ENSMUSG00000041720,Pi4ka,224020,E9Q3L2,,phosphatidylinositol 4-kinase alpha
ENSMUSG00000041762,Gpr155,68526,A2AWR3,,G protein-coupled receptor 155
ENSMUSG00000041798,Gck,103988,P52792,,glucokinase
ENSMUSG00000041890,Git2,26431,Q9JLQ2,,GIT ArfGAP 2
ENSMUSG00000041895,Wipi1,52639,Q8R3E3,,"WD repeat domain, phosphoinositide interacting 1"
ENSMUSG00000041939,Mvk,17855,Q9R008,,mevalonate kinase
ENSMUSG00000041997,Tlk1,228012,Q8C0V0,,tousled-like kinase 1
ENSMUSG00000042046,Dstyk,213452,Q6XUX1,,dual serine/threonine and tyrosine protein kinase
ENSMUSG00000042064,Myo3b,329421,Q1EG27,,myosin IIIB
ENSMUSG00000042228,Lyn,17096,P25911,,"LYN proto-oncogene, Src family tyrosine kinase"
ENSMUSG00000042249,Grk3,320129,Q3UYH7,,G protein-coupled receptor kinase 3
ENSMUSG00000042282,Gucy2f,245650,Q5SDA5,,guanylate cyclase 2f
ENSMUSG00000042312,S100a13,20196,P97352,,S100 calcium binding protein A13
ENSMUSG00000042349,Ikbke,56489,Q9R0T8,,inhibitor of kappaB kinase epsilon
ENSMUSG00000042359,Osbpl6,99031,Q8BXR9,,oxysterol binding protein-like 6
ENSMUSG00000042459,Bpifa2,19194,P07743,,"BPI fold containing family A, member 2"
ENSMUSG00000042567,Nek10,674895,Q3UGM2,,NIMA (never in mitosis gene a)- related kinase 10
ENSMUSG00000042608,Stk40,74178,Q7TNL3,,serine/threonine kinase 40
ENSMUSG00000042638,Gucy2c,14917,Q3UWA6,,guanylate cyclase 2c
ENSMUSG00000042688,Mapk6,50772,Q61532,,mitogen-activated protein kinase 6
ENSMUSG00000042724,Map3k9,338372,Q3U1V8,,mitogen-activated protein kinase kinase kinase 9
ENSMUSG00000042817,Flt3,14255,,,FMS-like tyrosine kinase 3
ENSMUSG00000042854,Trp53rkb,76367,,,transformation related protein 53 regulating kinase B
ENSMUSG00000042978,Sbk1,104175,Q8QZX0,,SH3-binding kinase 1
ENSMUSG00000043940,Wdfy3,72145,Q6VNB8,,WD repeat and FYVE domain containing 3
ENSMUSG00000044145,1810024B03Rik,329509,,,RIKEN cDNA 1810024B03 gene
ENSMUSG00000044252,Osbpl1a,64291,Q91XL9,,oxysterol binding protein-like 1A
ENSMUSG00000044309,Apol7c,108956,,,apolipoprotein L 7c
ENSMUSG00000044444,Pfn3,75477,Q9DAD6,,profilin 3
ENSMUSG00000044453,Ffar1,233081,Q76JU9,,free fatty acid receptor 1
ENSMUSG00000044624,Gm4922,237300,Q8C0N0,,predicted gene 4922
ENSMUSG00000044716,Dok7,231134,Q18PE0,,docking protein 7
ENSMUSG00000044951,Mylk4,238564,,,"myosin light chain kinase family, member 4"
ENSMUSG00000045005,Fzd5,14367,Q9EQD0,,frizzled class receptor 5
ENSMUSG00000045038,Prkce,18754,P16054,,"protein kinase C, epsilon"
ENSMUSG00000045174,Amer3,211383,Q6NS69,,APC membrane recruitment 3
ENSMUSG00000045294,Insig1,231070,Q8BGI3,,insulin induced gene 1
ENSMUSG00000045521,Tssk2,22115,O54863,,testis-specific serine kinase 2
ENSMUSG00000045954,Cavin2,20324,Q63918,,caveolae associated 2
ENSMUSG00000045962,Wnk1,232341,P83741,,WNK lysine deficient protein kinase 1
ENSMUSG00000046027,Stard5,170460,Q9EPQ7,,StAR related lipid transfer domain containing 5
ENSMUSG00000046032,Snx12,55988,,,sorting nexin 12
ENSMUSG00000046402,Rbp1,19659,Q00915,,"retinol binding protein 1, cellular"
ENSMUSG00000046519,Golph3l,229593,Q8R088,,golgi phosphoprotein 3-like
ENSMUSG00000046532,Ar,11835,P19091,,androgen receptor
ENSMUSG00000046562,Unc119b,106840,Q8C4B4,,unc-119 lipid binding chaperone B
ENSMUSG00000046707,Csnk2a2,13000,O54833,,"casein kinase 2, alpha prime polypeptide"
ENSMUSG00000046709,Mapk10,26414,,,mitogen-activated protein kinase 10
ENSMUSG00000046854,Pip5kl1,227733,Q6U7H8,,phosphatidylinositol-4-phosphate 5-kinase-like 1
ENSMUSG00000046879,Irgm1,15944,Q60766,,immunity-related GTPase family M member 1
ENSMUSG00000047104,Pbp2,76400,,,phosphatidylethanolamine binding protein 2
ENSMUSG00000047654,Tssk6,83984,Q925K9,,testis-specific serine kinase 6
ENSMUSG00000047798,Cd300lf,246746,Q6SJQ7,,CD300 molecule like family member F
ENSMUSG00000048310,Pskh1,244631,Q91YA2,,protein serine kinase H1
ENSMUSG00000048895,Cdk5r1,12569,P61809,,"cyclin dependent kinase 5, regulatory subunit 1"
ENSMUSG00000049091,Sephs2,20768,P97364,,selenophosphate synthetase 2
ENSMUSG00000049176,Frmpd4,333605,A2AFR3,,FERM and PDZ domain containing 4
ENSMUSG00000049897,Stkld1,279029,Q80YS9,,serine/threonine kinase-like domain containing 1
ENSMUSG00000049929,Lpar4,78134,Q8BLG2,,lysophosphatidic acid receptor 4
ENSMUSG00000049940,Pgrmc2,70804,Q80UU9,,progesterone receptor membrane component 2
ENSMUSG00000050002,Idnk,75731,Q8R0J8,,idnK gluconokinase homolog (E. coli)
ENSMUSG00000050014,Apol10b,328561,,,apolipoprotein L 10B
ENSMUSG00000050017,Pitpnb,56305,P53811,,"phosphatidylinositol transfer protein, beta"
ENSMUSG00000050089,Akap4,11643,Q60662,,A kinase anchor protein 4
ENSMUSG00000050107,Haspin,14841,,,histone H3 associated protein kinase
ENSMUSG00000050108,Bpifc,270757,,,BPI fold containing family C
ENSMUSG00000050271,Prag1,244418,Q571I4,,PEAK1 related kinase activating pseudokinase 1
ENSMUSG00000050332,Amer1,72345,Q7TS75,,APC membrane recruitment 1
ENSMUSG00000050373,Snx21,101113,Q3UR97,,sorting nexin family member 21
ENSMUSG00000050439,Enthd1,383075,,,ENTH domain containing 1
ENSMUSG00000050553,Gk2,14626,Q9WU65,,glycerol kinase 2
ENSMUSG00000050697,Prkaa1,105787,Q5EG47,,"protein kinase, AMP-activated, alpha 1 catalytic subunit"
ENSMUSG00000050890,Pdik1l,230809,Q8QZR7,,PDLIM1 interacting kinase 1 like
ENSMUSG00000050931,Sgms2,74442,Q9D4B1,,sphingomyelin synthase 2
ENSMUSG00000050965,Prkca,18750,,,"protein kinase C, alpha"
ENSMUSG00000050982,Apol10a,245282,,,apolipoprotein L 10A
ENSMUSG00000051146,Camk2n2,73047,Q78WH7,,calcium/calmodulin-dependent protein kinase II inhibitor 2
ENSMUSG00000051209,Gpr119,236781,Q7TQP3,,G-protein coupled receptor 119
ENSMUSG00000051314,Ffar2,233079,Q8VCK6,,free fatty acid receptor 2
ENSMUSG00000051590,Map3k19,22625,E9Q3S4,,mitogen-activated protein kinase kinase kinase 19
ENSMUSG00000051747,Ttn,22138,A2ASS6,,titin
ENSMUSG00000052155,Acvr2a,11480,P27038,,activin receptor IIA
ENSMUSG00000052373,Mpp3,13384,,,"membrane protein, palmitoylated 3 (MAGUK p55 subfamily member 3)"
ENSMUSG00000052430,Bmpr1b,12167,P36898,,"bone morphogenetic protein receptor, type 1B"
ENSMUSG00000052468,Pmp2,18857,P24526,,peripheral myelin protein 2
ENSMUSG00000052504,Epha3,13837,,,Eph receptor A3
ENSMUSG00000052783,Grk4,14772,O70291,,G protein-coupled receptor kinase 4
ENSMUSG00000052854,Nrk,27206,Q9R0G8,,Nik related kinase
ENSMUSG00000052889,Prkcb,18751,P68404,,"protein kinase C, beta"
ENSMUSG00000052920,Prkg1,19091,P0C605,,"protein kinase, cGMP-dependent, type I"
ENSMUSG00000052922,Bpi,329547,Q67E05,,bactericidal permeablility increasing protein
ENSMUSG00000053046,Brsk2,75770,Q69Z98,,BR serine/threonine kinase 2
ENSMUSG00000053137,Mapk11,19094,Q9WUI1,,mitogen-activated protein kinase 11
ENSMUSG00000053158,Fes,14159,P16879,,feline sarcoma oncogene
ENSMUSG00000053414,Hunk,26559,O88866,,hormonally upregulated Neu-associated kinase
ENSMUSG00000053436,Mapk14,26416,P47811,,mitogen-activated protein kinase 14
ENSMUSG00000053624,Gykl1,14625,,,glycerol kinase-like 1
ENSMUSG00000053693,Mast1,56527,Q9R1L5,,microtubule associated serine/threonine kinase 1
ENSMUSG00000053819,Camk2d,108058,Q6PHZ2,,"calcium/calmodulin-dependent protein kinase II, delta"
ENSMUSG00000054115,Skp2,27401,Q9Z0Z3,,S-phase kinase-associated protein 2
ENSMUSG00000054200,Ffar4,107221,Q7TMA4,,free fatty acid receptor 4
ENSMUSG00000054252,Fgfr3,14184,,,fibroblast growth factor receptor 3
ENSMUSG00000054422,Fabp1,14080,P12710,,"fatty acid binding protein 1, liver"
ENSMUSG00000054423,Cadps,27062,Q80TJ1,,Ca2+-dependent secretion activator
ENSMUSG00000054892,Txk,22165,P42682,,TXK tyrosine kinase
ENSMUSG00000054986,Sec14l3,380683,,,SEC14-like lipid binding 3
ENSMUSG00000055254,Ntrk2,18212,P15209,,"neurotrophic tyrosine kinase, receptor, type 2"
ENSMUSG00000055471,Alk,11682,P97793,,anaplastic lymphoma kinase
ENSMUSG00000055523,Gucy2g,73707,Q6TL19,,guanylate cyclase 2g
ENSMUSG00000055540,Epha6,13840,,,Eph receptor A6
ENSMUSG00000056215,Lrguk,74354,Q9D5S7,,leucine-rich repeats and guanylate kinase domain containing
ENSMUSG00000056220,Pla2g4a,18783,P47713,,"phospholipase A2, group IVA (cytosolic, calcium-dependent)"
ENSMUSG00000056458,Mok,26448,Q9WVS4,,MOK protein kinase
ENSMUSG00000056656,Apol8,239552,,,apolipoprotein L 8
ENSMUSG00000056938,Acbd4,,,,acyl-Coenzyme A binding domain containing 4
ENSMUSG00000057177,Gsk3a,606496,Q2NL51,,glycogen synthase kinase 3 alpha
ENSMUSG00000057230,Aak1,269774,Q3UHJ0,,AP2 associated kinase 1
ENSMUSG00000057280,Musk,18198,Q61006,,"muscle, skeletal, receptor tyrosine kinase"
ENSMUSG00000057342,Sphk2,56632,Q9JIA7,,sphingosine kinase 2
ENSMUSG00000057346,Apol9a,223672,,,apolipoprotein L 9a
ENSMUSG00000057672,Pkn1,320795,P70268,,protein kinase N1
ENSMUSG00000057897,Camk2b,12323,P28652,,"calcium/calmodulin-dependent protein kinase II, beta"
ENSMUSG00000057963,Itpk1,217837,Q8BYN3,,"inositol 1,3,4-triphosphate 5/6 kinase"
ENSMUSG00000058230,Arhgap35,232906,Q91YM2,,Rho GTPase activating protein 35
ENSMUSG00000058444,Map2k5,23938,Q9WVS7,,mitogen-activated protein kinase kinase 5
ENSMUSG00000059146,Ntrk3,18213,Q6VNS1,,"neurotrophic tyrosine kinase, receptor, type 3"
ENSMUSG00000059146,Ntrk3,414121,Q6VNS1,,"neurotrophic tyrosine kinase, receptor, type 3"
ENSMUSG00000059456,Ptk2b,19229,Q9QVP9,,PTK2 protein tyrosine kinase 2 beta
ENSMUSG00000059883,Irak4,266632,Q8R4K2,,interleukin-1 receptor-associated kinase 4
ENSMUSG00000059891,Tsks,22116,O54887,,testis-specific serine kinase substrate
ENSMUSG00000059981,Taok2,381921,Q6ZQ29,,TAO kinase 2
ENSMUSG00000060180,Myh13,544791,,,"myosin, heavy polypeptide 13, skeletal muscle"
ENSMUSG00000060477,Irak2,108960,Q8CFA1,,interleukin-1 receptor-associated kinase 2
ENSMUSG00000060733,Ipmk,69718,Q7TT16,,inositol polyphosphate multikinase
ENSMUSG00000060794,Tssk5,73542,Q8C1R0,,testis-specific serine kinase 5
ENSMUSG00000060807,Serpina6,12401,Q06770,,"serine (or cysteine) peptidase inhibitor, clade A, member 6"
ENSMUSG00000061132,Blnk,17060,Q9QUN3,,B cell linker
ENSMUSG00000061288,Taok3,330177,Q8BYC6,,TAO kinase 3
ENSMUSG00000061393,Acvr2b,11481,P27040,,activin receptor IIB
ENSMUSG00000061436,Hipk2,15258,Q9QZR5,,homeodomain interacting protein kinase 2
ENSMUSG00000061462,Obscn,380698,A2AAJ9,,"obscurin, cytoskeletal calmodulin and titin-interacting RhoGEF"
ENSMUSG00000061525,4921509C19Rik,381393,Q8C0X8,,RIKEN cDNA 4921509C19 gene
ENSMUSG00000061578,Ksr2,333050,Q3UVC0,,kinase suppressor of ras 2
ENSMUSG00000061751,Kalrn,545156,A2CG49,,"kalirin, RhoGEF kinase"
ENSMUSG00000061878,Sphk1,20698,Q8CI15,,sphingosine kinase 1
ENSMUSG00000062044,Lmtk3,381983,,,lemur tyrosine kinase 3
ENSMUSG00000062070,Pgk1,18655,P09411,,phosphoglycerate kinase 1
ENSMUSG00000062132,Arhgap33os,100504207,,,"Rho GTPase activating protein 33, opposite strand"
ENSMUSG00000062209,Erbb4,13869,Q61527,,erb-b2 receptor tyrosine kinase 4
ENSMUSG00000062234,Gak,231580,,,cyclin G associated kinase
ENSMUSG00000062248,Cks2,66197,P56390,,CDC28 protein kinase regulatory subunit 2
ENSMUSG00000062312,Erbb2,13866,P70424,,erb-b2 receptor tyrosine kinase 2
ENSMUSG00000062393,Dgkk,331374,,,diacylglycerol kinase kappa
ENSMUSG00000062515,Fabp4,11770,P04117,,"fatty acid binding protein 4, adipocyte"
ENSMUSG00000062604,Srpk2,20817,,,serine/arginine-rich protein specific kinase 2
ENSMUSG00000062683,Atp5mc2,67942,P56383,,ATP synthase membrane subunit c locus 2
ENSMUSG00000062960,Kdr,16542,P35918,,kinase insert domain protein receptor
ENSMUSG00000063065,Mapk3,26417,Q63844,,mitogen-activated protein kinase 3
ENSMUSG00000063179,Pstk,214580,Q8BP74,,phosphoseryl-tRNA kinase
ENSMUSG00000063358,Mapk1,26413,P63085,,mitogen-activated protein kinase 1
ENSMUSG00000063410,Stk24,223255,Q99KH8,,serine/threonine kinase 24
ENSMUSG00000063704,Mapk15,332110,Q80Y86,,mitogen-activated protein kinase 15
ENSMUSG00000064090,Vrk2,69922,Q8BN21,,vaccinia related kinase 2
ENSMUSG00000064225,Paqr9,75552,Q6TCG2,,progestin and adipoQ receptor family member IX
ENSMUSG00000066306,Numa1,101706,E9Q7G0,,nuclear mitotic apparatus protein 1
ENSMUSG00000066440,Zfyve26,211978,Q5DU37,,"zinc finger, FYVE domain containing 26"
ENSMUSG00000066551,Hmgb1,15289,P63158,,high mobility group box 1
ENSMUSG00000066621,Tecpr1,70381,Q80VP0,,tectonin beta-propeller repeat containing 1
ENSMUSG00000066800,Rnasel,24014,Q05921,,"ribonuclease L (2', 5'-oligoisoadenylate synthetase-dependent)"
ENSMUSG00000067336,Bmpr2,12168,O35607,,bone morphogenetic protein receptor type 2
ENSMUSG00000067713,Prkag1,19082,O54950,,"protein kinase, AMP-activated, gamma 1 non-catalytic subunit"
ENSMUSG00000067941,Gm7168,635895,,,predicted gene 7168
ENSMUSG00000067996,Bpifb9b,433492,,,"BPI fold containing family B, member 9B"
ENSMUSG00000067998,Bpifb9a,71425,Q80XI7,,"BPI fold containing family B, member 9A"
ENSMUSG00000068008,Bpifb3,378700,Q80ZU7,,"BPI fold containing family B, member 3"
ENSMUSG00000068009,Bpifb6,228796,Q8BU51,,"BPI fold containing family B, member 6"
ENSMUSG00000068246,Apol9b,71898,,,apolipoprotein L 9b
ENSMUSG00000068252,Apol7b,278679,,,apolipoprotein L 7b
ENSMUSG00000068580,Zfyve19,72008,Q9DAZ9,,"zinc finger, FYVE domain containing 19"
ENSMUSG00000068893,Sprr2a2,100303744,Q9CQK8,,small proline-rich protein 2A2
ENSMUSG00000068893,Sprr2a2,100303744,Q4KL71,,small proline-rich protein 2A2
ENSMUSG00000068917,Clk2,12748,O35491,,CDC-like kinase 2
ENSMUSG00000069089,Cdk7,12572,Q03147,,cyclin dependent kinase 7
ENSMUSG00000069539,Scyl2,213326,Q8CFE4,,SCY1-like 2 (S. cerevisiae)
ENSMUSG00000069631,Strada,72149,Q3UUJ4,,STE20-related kinase adaptor alpha
ENSMUSG00000070348,Ccnd1,12443,P25322,,cyclin D1
ENSMUSG00000070544,Top1,21969,Q04750,,topoisomerase (DNA) I
ENSMUSG00000070644,Etnk2,214253,A7MCT6,,ethanolamine kinase 2
ENSMUSG00000070738,Dgkd,227333,E9PUQ8,,"diacylglycerol kinase, delta"
ENSMUSG00000070837,Aurkc,20871,O88445,,aurora kinase C
ENSMUSG00000071369,Map3k5,26408,O35099,,mitogen-activated protein kinase kinase kinase 5
ENSMUSG00000071654,Uqcc3,107197,Q8K2T4,,ubiquinol-cytochrome c reductase complex assembly factor 3
ENSMUSG00000071715,Ncf4,17972,P97369,,neutrophil cytosolic factor 4
ENSMUSG00000071716,Apol7e,666348,,,apolipoprotein L 7e
ENSMUSG00000073435,Nme3,79059,Q9WV85,,NME/NM23 nucleoside diphosphate kinase 3
ENSMUSG00000073457,Smok2b,236574,Q9QYZ3,,sperm motility kinase 2B
ENSMUSG00000073458,Smok2a,27263,,,sperm motility kinase 2A
ENSMUSG00000073563,Csnk1g3,70425,Q8C4X2,,"casein kinase 1, gamma 3"
ENSMUSG00000073988,Ttpa,50500,Q8BWP5,,tocopherol (alpha) transfer protein
ENSMUSG00000074003,Gucy2d,14918,A0A0U1RPR8,,guanylate cyclase 2d
ENSMUSG00000074259,Gramd2a,546134,Q3V3G7,,GRAM domain containing 2A
ENSMUSG00000074305,Peak1,244895,Q69Z38,,pseudopodium-enriched atypical kinase 1
ENSMUSG00000074445,Sprr2a3,100042514,Q9CQK8,,small proline-rich protein 2A3
ENSMUSG00000074445,Sprr2a3,100042514,Q4KL71,,small proline-rich protein 2A3
ENSMUSG00000074665,Bpifb4,381399,A2BGH0,,"BPI fold containing family B, member 4"
ENSMUSG00000074698,Csnk2a1,12995,Q60737,,"casein kinase 2, alpha 1 polypeptide"
ENSMUSG00000074746,Pdzd8,107368,B9EJ80,,PDZ domain containing 8
ENSMUSG00000074886,Grk6,26385,O70293,,G protein-coupled receptor kinase 6
ENSMUSG00000074923,Pak6,214230,Q3ULB5,,p21 (RAC1) activated kinase 6
ENSMUSG00000075256,Cerkl,228094,,,ceramide kinase-like
ENSMUSG00000075415,Fnbp1,14269,Q80TY0,,formin binding protein 1
ENSMUSG00000075419,Dolk,227697,Q8R2Y3,,dolichol kinase
ENSMUSG00000075590,Nrbp2,223649,Q91V36,,nuclear receptor binding protein 2
ENSMUSG00000075598,Smok3c,622486,,,sperm motility kinase 3C
ENSMUSG00000075599,Smok3a,545814,C0HKC8,,sperm motility kinase 3A
ENSMUSG00000075599,Smok3a,545814,C0HKC9,,sperm motility kinase 3A
ENSMUSG00000078365,Mos,17451,P00536,,Moloney sarcoma oncogene
ENSMUSG00000078664,Sprr2a1,20755,Q9CQK8,,small proline-rich protein 2A1
ENSMUSG00000078664,Sprr2a1,20755,Q4KL71,,small proline-rich protein 2A1
ENSMUSG00000078816,Prkcg,18752,P63318,,"protein kinase C, gamma"
ENSMUSG00000078941,Ak6,108143,Q8VCP8,,adenylate kinase 6
ENSMUSG00000078941,Ak6,102216272,Q8VCP8,,adenylate kinase 6
ENSMUSG00000078998,Bpifa6,545477,,,"BPI fold containing family A, member 6"
ENSMUSG00000079005,Gm14147,381390,,,predicted gene 14147
ENSMUSG00000079006,Gm14151,433486,,,predicted gene 14151
ENSMUSG00000079104,Prps1l3,328099,,,phosphoribosyl pyrophosphate synthetase 1-like 3
ENSMUSG00000079156,Smok3b,622474,C0HKC8,,sperm motility kinase 3B
ENSMUSG00000079156,Smok3b,622474,C0HKC9,,sperm motility kinase 3B
ENSMUSG00000079608,Stard6,170461,P59096,,StAR related lipid transfer domain containing 6
ENSMUSG00000085272,Sbk3,381835,P0C5K0,,"SH3 domain binding kinase family, member 3"
ENSMUSG00000089872,Rps6kc1,320119,Q8BLK9,,ribosomal protein S6 kinase polypeptide 1
ENSMUSG00000089917,Uckl1,68556,Q91YL3,,uridine-cytidine kinase 1-like 1
ENSMUSG00000090071,Cdk5r2,12570,O35926,,"cyclin dependent kinase 5, regulatory subunit 2"
ENSMUSG00000090100,Ttbk2,140810,Q3UVR3,,tau tubulin kinase 2
ENSMUSG00000090698,Apold1,381823,,,apolipoprotein L domain containing 1
ENSMUSG00000091228,Nme1nme2,,,,NME/NM23 nucleoside diphosphate kinase 1 and 2 readthrough
ENSMUSG00000091415,Ak9,633979,G3UYQ4,,adenylate kinase 9
ENSMUSG00000091650,Apol11a,626615,,,apolipoprotein L 11a
ENSMUSG00000091694,Apol11b,328563,,,apolipoprotein L 11b
ENSMUSG00000092305,Prps1l1,75456,,,phosphoribosyl pyrophosphate synthetase 1-like 1
ENSMUSG00000094682,Gm6902,628664,,,predicted gene 6902
ENSMUSG00000095190,Gm10668,100043566,,,predicted gene 10668
ENSMUSG00000095363,Gm4567,100043645,,,predicted gene 4567
ENSMUSG00000095683,Gm10662,100043665,,,predicted gene 10662
ENSMUSG00000095930,Nim1k,245269,Q8BHI9,,NIM1 serine/threonine protein kinase
ENSMUSG00000095976,Gm5891,545929,,,predicted gene 5891
ENSMUSG00000096283,Gm6176,620736,,,predicted gene 6176
ENSMUSG00000101307,Gm7356,664821,,,predicted gene 7356
ENSMUSG00000101361,Gm7358,,,,predicted gene 7358
ENSMUSG00000101436,Gm5157,381937,,,predicted gene 5157
ENSMUSG00000101904,Gm29427,,,,predicted gene 29427
ENSMUSG00000103124,Gm37389,,,,"predicted gene, 37389"
ENSMUSG00000105340,Gm42878,,,,predicted gene 42878
ENSMUSG00000109060,Gm4513,101055864,,,predicted gene 4513
ENSMUSG00000109061,Gm49320,,Q8CE90,,"predicted gene, 49320"
ENSMUSG00000109166,Gm5890,,,,predicted gene 5890
ENSMUSG00000109396,Gm4565,100043638,,,predicted gene 4565
ENSMUSG00000109493,Gm45208,,,,predicted gene 45208
ENSMUSG00000109516,Gm6882,628475,,,predicted gene 6882
ENSMUSG00000109739,Gm17949,,,,"predicted gene, 17949"
ENSMUSG00000110206,Flt3l,14256,P49772,,FMS-like tyrosine kinase 3 ligand
ENSMUSG00000114942,Gm49361,,,,"predicted gene, 49361"
ENSMUSG00000116461,Gm44502,,,,"predicted readthrough transcript (NMD candidate), 44502"
ENSMUSG00000116564,Riok2,67045,Q9CQS5,,RIO kinase 2
ENSMUSG00000118668,Rps6ka4,56613,Q9Z2B9,,"ribosomal protein S6 kinase, polypeptide 4"
